/*      This file is part of Juggluco, an Android app to receive and display         */
/*      glucose values from Freestyle Libre 2(+), Libre 3(+), Dexcom G7/ONE+,        */
/*      Sibionics GS1Sb and GS3, Accu-Chek SmartGuide, CareSens Air and              */
/*      Aidex X sensors.                                                             */
/*                                                                                   */
/*      Copyright (C) 2021 Jaap Korthals Altes <jaapkorthalsaltes@gmail.com>         */
/*                                                                                   */
/*      Juggluco is free software: you can redistribute it and/or modify             */
/*      it under the terms of the GNU General Public License as published            */
/*      by the Free Software Foundation, either version 3 of the License, or         */
/*      (at your option) any later version.                                          */
/*                                                                                   */
/*      Juggluco is distributed in the hope that it will be useful, but              */
/*      WITHOUT ANY WARRANTY; without even the implied warranty of                   */
/*      MERCHANTABILITY or FITNESS FOR A PARTICULAR PURPOSE.                         */
/*      See the GNU General Public License for more details.                         */
/*                                                                                   */
/*      You should have received a copy of the GNU General Public License            */
/*      along with Juggluco. If not, see <https://www.gnu.org/licenses/>.            */
/*                                                                                   */
/*      Tue Aug 11 16:33:40 CEST 2026                                                */
/* Generated from the two exact parent contexts used by selector-6 transforms. */
#ifndef L3_K_P6_PARENT_CONTEXT_INC
#define L3_K_P6_PARENT_CONTEXT_INC

static const unsigned char k_p6_parent_context_db[7856] __attribute__((aligned(4))) = {
    0xd9, 0x48, 0x61, 0x7c, 0x52, 0x97, 0xe7, 0x48, 0xd3, 0x6b, 0x29, 0x7d, 0x17, 0xb8, 0x4b, 0xdf,
    0xb1, 0xee, 0xc2, 0xce, 0xfd, 0xba, 0xce, 0xbe, 0xa3, 0xd5, 0x7c, 0x1b, 0x6b, 0x7b, 0x81, 0x6a,
    0xd9, 0x48, 0x61, 0x7c, 0xa2, 0xac, 0x6f, 0x1d, 0xdc, 0x0c, 0x50, 0x9b, 0x48, 0x54, 0x81, 0xec,
    0xb1, 0xee, 0xc2, 0xce, 0xab, 0x3e, 0x4b, 0x54, 0xc5, 0x66, 0x61, 0x65, 0x7f, 0x2b, 0xb2, 0xba,
    0x6b, 0x02, 0x29, 0x25, 0xdf, 0x2c, 0x0f, 0xe6, 0xa9, 0x55, 0xd2, 0x86, 0x5a, 0x37, 0x8b, 0x6a,
    0x78, 0x27, 0x90, 0x2b, 0xab, 0x3e, 0x4b, 0x54, 0x95, 0xb8, 0x71, 0xad, 0xd8, 0x1a, 0x54, 0xd5,
    0x40, 0xf7, 0xa7, 0xaf, 0x83, 0x16, 0x5c, 0x22, 0x8d, 0xba, 0xc2, 0x92, 0x8f, 0x71, 0x2e, 0xcd,
    0x38, 0x5f, 0xac, 0x23, 0xef, 0xc7, 0xbe, 0x20, 0x53, 0xff, 0x75, 0x0e, 0x29, 0xc8, 0x51, 0x53,
    0xb0, 0xbc, 0x6c, 0x88, 0x77, 0x79, 0xd5, 0x12, 0xd4, 0x86, 0x39, 0xca, 0x2f, 0xf8, 0x4c, 0xab,
    0x30, 0x6f, 0xb2, 0x36, 0x9b, 0x0a, 0x63, 0x2b, 0x54, 0x0a, 0xf9, 0xd5, 0x50, 0x1b, 0x88, 0x42,
    0x3b, 0xc3, 0x39, 0x26, 0x4c, 0x6c, 0x55, 0x76, 0xf8, 0x1d, 0xd1, 0x4d, 0x80, 0xea, 0xb0, 0x54,
    0x48, 0xe2, 0xcc, 0x54, 0x0b, 0xab, 0x84, 0x77, 0xda, 0x70, 0xcc, 0xa0, 0x40, 0x39, 0x85, 0xb4,
    0xaf, 0xfa, 0xb6, 0x8f, 0x09, 0x24, 0x58, 0x09, 0x4e, 0x61, 0xb7, 0xfc, 0xe8, 0x28, 0xc7, 0x95,
    0xfe, 0x44, 0xb5, 0xe6, 0x51, 0xf3, 0x0d, 0x8c, 0x15, 0xb8, 0xf5, 0x8f, 0x2e, 0xae, 0x74, 0x23,
    0x0c, 0x42, 0x71, 0x86, 0xb9, 0x7a, 0x7d, 0x64, 0x2e, 0xbc, 0xf1, 0x6d, 0x63, 0x33, 0x90, 0x8a,
    0x1e, 0xd6, 0x5d, 0xfa, 0xc8, 0xee, 0x95, 0x6e, 0xde, 0x74, 0xe8, 0xc1, 0x34, 0x0a, 0xfd, 0x71,
    0xf6, 0x66, 0xfa, 0xad, 0x25, 0x28, 0x6e, 0x49, 0xd4, 0xf5, 0x57, 0x50, 0x7d, 0x19, 0x77, 0x8e,
    0x5c, 0x2e, 0x16, 0x8e, 0x6f, 0x79, 0xf8, 0xc4, 0x75, 0xbb, 0x3f, 0x7c, 0x74, 0xba, 0xc9, 0x6e,
    0x28, 0x8e, 0xe4, 0xc0, 0x7a, 0x26, 0xbf, 0x08, 0x59, 0x0a, 0x35, 0x12, 0xb4, 0x4e, 0x27, 0x23,
    0xd0, 0xb7, 0xbf, 0x97, 0x17, 0xce, 0xe5, 0xe6, 0xf9, 0x56, 0x6a, 0x49, 0x55, 0xcd, 0x5e, 0xbc,
    0xd1, 0xb8, 0x37, 0x05, 0xef, 0x06, 0xa8, 0x1f, 0x80, 0x1a, 0x6d, 0x3b, 0xfa, 0xa0, 0xcd, 0x94,
    0x70, 0x3b, 0xa8, 0xee, 0x98, 0x0f, 0x97, 0xe5, 0xce, 0x67, 0x94, 0x17, 0x4c, 0x5c, 0x8a, 0x54,
    0x99, 0xdf, 0x6c, 0xf5, 0x44, 0xf1, 0xe9, 0x0f, 0x04, 0x79, 0xa8, 0x12, 0xa7, 0xd8, 0x5c, 0xd6,
    0x42, 0xf8, 0xd2, 0x94, 0x2a, 0x01, 0xbc, 0x9e, 0x95, 0x04, 0x9a, 0x1f, 0x67, 0x7e, 0x97, 0x24,
    0x4f, 0xae, 0xd5, 0x62, 0x87, 0x74, 0x03, 0xf0, 0x9b, 0x01, 0x98, 0xe6, 0xe5, 0xa6, 0x0a, 0x28,
    0x39, 0x96, 0x32, 0xe0, 0x93, 0x49, 0x84, 0x5f, 0x8a, 0xaf, 0x2a, 0xee, 0xf6, 0xda, 0x70, 0xe9,
    0x75, 0xf8, 0xf6, 0xbe, 0x2a, 0x69, 0x30, 0xe7, 0xdf, 0x98, 0xec, 0x54, 0x05, 0x5b, 0x46, 0x2f,
    0x11, 0x77, 0xbf, 0x21, 0x7c, 0x15, 0x45, 0xcb, 0x23, 0x18, 0x72, 0xa4, 0xe9, 0xdb, 0x44, 0x3e,
    0x54, 0x3c, 0x62, 0xa9, 0x3f, 0xbe, 0xc8, 0x35, 0x94, 0x21, 0x09, 0xd2, 0x5f, 0x08, 0xf9, 0x8a,
    0x8c, 0x39, 0xe5, 0x8e, 0x06, 0x7a, 0x9d, 0x38, 0x2e, 0xcd, 0xab, 0x91, 0x40, 0x67, 0xcc, 0xa7,
    0x6f, 0x4f, 0x84, 0xeb, 0x73, 0xab, 0xcf, 0x9d, 0x18, 0x1f, 0x3c, 0x9a, 0x66, 0x6c, 0x4a, 0xd0,
    0x4b, 0x07, 0x30, 0x49, 0xef, 0x79, 0xb4, 0x01, 0xd5, 0x5a, 0xf1, 0xca, 0x88, 0x56, 0x61, 0x70,
    0x53, 0x71, 0x17, 0x2b, 0xd0, 0x32, 0x4e, 0xc1, 0x80, 0x83, 0x3b, 0x72, 0x64, 0x92, 0xeb, 0x83,
    0xcc, 0x02, 0xf1, 0x19, 0x34, 0xf0, 0x9a, 0x1b, 0x79, 0xf1, 0x70, 0xe0, 0x8d, 0x63, 0x1c, 0xf0,
    0x8e, 0x5b, 0xec, 0xc7, 0xfe, 0x22, 0x41, 0x39, 0x16, 0x1c, 0x8f, 0x09, 0xcd, 0x6d, 0x42, 0xe6,
    0x4e, 0x34, 0x4d, 0x8f, 0x78, 0x13, 0x94, 0xb1, 0xe7, 0x4b, 0xb0, 0xc8, 0xf9, 0x27, 0x7d, 0x22,
    0x44, 0x0a, 0x28, 0x73, 0x54, 0xbb, 0x87, 0x69, 0x84, 0x0c, 0x38, 0x34, 0x05, 0xc6, 0xa5, 0x09,
    0xbd, 0xa6, 0x7b, 0x56, 0xf5, 0x77, 0x51, 0x97, 0xb4, 0x06, 0xdf, 0x42, 0xd0, 0xfe, 0xfb, 0x8b,
    0xb2, 0xce, 0xf5, 0x5e, 0xcc, 0xcc, 0xcc, 0xcc, 0x1d, 0x0a, 0x56, 0x9e, 0x0c, 0x10, 0x3d, 0x07,
    0xc5, 0x89, 0xcd, 0x4a, 0x43, 0xc1, 0x66, 0x85, 0x15, 0x16, 0x3d, 0x8d, 0x70, 0x1d, 0x0b, 0xc8,
    0xd7, 0x2c, 0x13, 0x1d, 0x31, 0xcf, 0x2b, 0x45, 0x72, 0x8c, 0x99, 0x01, 0xcd, 0xf6, 0xb4, 0x6b,
    0x88, 0x8e, 0x27, 0x78, 0xd3, 0xa7, 0x0d, 0x19, 0x57, 0xae, 0xf0, 0x54, 0xa9, 0x84, 0x54, 0xe8,
    0x3d, 0xc5, 0xd4, 0x73, 0xde, 0x87, 0xd9, 0xa3, 0x0b, 0x8e, 0x68, 0xf9, 0xcc, 0xc4, 0x43, 0x31,
    0x64, 0x38, 0xd5, 0x96, 0xd2, 0xdd, 0x9a, 0xca, 0x0c, 0xc8, 0x24, 0x63, 0xd5, 0xf6, 0x6b, 0x1d,
    0x7b, 0xe9, 0x6d, 0x8a, 0xde, 0x87, 0xd9, 0xa3, 0x9b, 0xdb, 0x48, 0xbb, 0xf4, 0x0d, 0xaa, 0x1a,
    0x47, 0x94, 0x92, 0x0f, 0x32, 0x6c, 0xda, 0x8e, 0xca, 0x31, 0xd6, 0x08, 0x3d, 0x5c, 0xf2, 0x42,
    0xf5, 0xda, 0x80, 0x44, 0xf6, 0xe6, 0x48, 0x1d, 0x1c, 0x2c, 0x98, 0x02, 0x4e, 0xee, 0x8a, 0x53,
    0x5c, 0x7d, 0xd0, 0x18, 0x0e, 0x0d, 0xfa, 0x8d, 0x6e, 0xe9, 0x21, 0x34, 0x0a, 0x2d, 0xfb, 0xe8,
    0xa8, 0xb2, 0x3b, 0x8c, 0xe0, 0x08, 0x6a, 0xc5, 0x9f, 0x40, 0x96, 0x7c, 0xca, 0xf1, 0x8c, 0xf8,
    0xa8, 0x8e, 0xff, 0x0e, 0x5a, 0xb6, 0xba, 0xa5, 0xf6, 0xe6, 0x48, 0xb9, 0xac, 0x3b, 0x68, 0x0c,
    0xba, 0x3b, 0x0e, 0xdf, 0xb5, 0x00, 0x47, 0x67, 0x70, 0x68, 0xe1, 0xc3, 0x83, 0x1c, 0x5c, 0x48,
    0x0a, 0x2d, 0xfb, 0xe8, 0xe5, 0x2b, 0x98, 0x8e, 0x7e, 0xd1, 0xeb, 0xe1, 0x0c, 0x15, 0x52, 0x6a,
    0xca, 0xa1, 0xa1, 0x64, 0x13, 0xc1, 0x0c, 0x6b, 0xcc, 0x98, 0x97, 0x55, 0xf6, 0xe6, 0x48, 0xe0,
    0x9f, 0x80, 0x18, 0x3b, 0xaf, 0x5d, 0x5c, 0xcb, 0xfe, 0x3f, 0x59, 0x4b, 0xd2, 0xc3, 0xc8, 0xc9,
    0x33, 0x86, 0xef, 0x5d, 0x0a, 0x2d, 0xfb, 0xe8, 0x22, 0xa5, 0xf4, 0x60, 0x17, 0x46, 0xc3, 0x97,
    0x79, 0xe9, 0x0d, 0x58, 0xca, 0x51, 0xb6, 0xd0, 0x7e, 0xf3, 0x19, 0xc7, 0x3e, 0x7b, 0x74, 0x05,
    0xf6, 0xe6, 0x48, 0x07, 0x92, 0xc5, 0xc8, 0x39, 0x37, 0x34, 0x87, 0xcc, 0x4c, 0xd3, 0x15, 0x46,
    0xa1, 0xf3, 0x6b, 0xbd, 0xe3, 0xef, 0x82, 0x73, 0x0a, 0x2d, 0xfb, 0xe8, 0xf2, 0x02, 0x77, 0xe3,
    0xb0, 0xba, 0x9a, 0x4d, 0x23, 0x6c, 0x3e, 0xca, 0x2f, 0x1b, 0x08, 0x22, 0x42, 0x4b, 0x6f, 0xab,
    0xb0, 0x2d, 0xff, 0x7b, 0x66, 0x19, 0x51, 0xa4, 0x85, 0x0a, 0x79, 0x68, 0xbf, 0x3a, 0xfb, 0xfb,
    0x30, 0x3f, 0xc8, 0x98, 0x40, 0xfd, 0xf7, 0x00, 0xa8, 0x77, 0x1d, 0x63, 0x0a, 0x2d, 0xfb, 0xe8,
    0xd9, 0xf2, 0xd5, 0x3a, 0x65, 0x2e, 0xe2, 0xad, 0x07, 0xe4, 0x74, 0xea, 0xca, 0x61, 0xd4, 0x6b,
    0x83, 0x7e, 0x2b, 0x15, 0xab, 0x32, 0x31, 0xd0, 0xf6, 0xe6, 0x48, 0x7c, 0x4b, 0xf8, 0xca, 0xb7,
    0x13, 0xa0, 0x1a, 0x12, 0xa5, 0xa7, 0xed, 0x32, 0xbc, 0x3e, 0x1e, 0x95, 0x61, 0x22, 0xe0, 0xec,
    0x0a, 0x2d, 0xfb, 0xe8, 0x8d, 0x97, 0x67, 0xac, 0xfe, 0xa2, 0xb9, 0x63, 0x74, 0xb8, 0x30, 0xd8,
    0xca, 0x21, 0x8b, 0x5b, 0xee, 0xb0, 0x38, 0x71, 0x1d, 0x15, 0x0e, 0x80, 0xf6, 0xe6, 0x48, 0x18,
    0xdb, 0x07, 0x9b, 0xc1, 0x7f, 0xed, 0x9d, 0xcd, 0x03, 0x7f, 0x0e, 0xe8, 0x1e, 0x9a, 0x05, 0xcb,
    0x76, 0x55, 0x1a, 0x01, 0x0a, 0x2d, 0xfb, 0xe8, 0xca, 0x10, 0xc4, 0xae, 0x9c, 0x6b, 0x3b, 0x80,
    0xe1, 0x8c, 0xec, 0xc5, 0xca, 0xd1, 0x9f, 0xc7, 0x59, 0xe3, 0x45, 0xcd, 0x8f, 0xf7, 0xea, 0x2f,
    0xf6, 0xe6, 0x48, 0xcf, 0x31, 0x82, 0x2b, 0xe5, 0x07, 0xc4, 0xc8, 0x9e, 0x4c, 0xbe, 0x20, 0x7c,
    0xed, 0xc9, 0xa8, 0xbe, 0x26, 0xbf, 0xad, 0x16, 0x0a, 0x2d, 0xfb, 0xe8, 0x9a, 0x6e, 0x46, 0x31,
    0x35, 0xe0, 0x12, 0x36, 0x4e, 0x61, 0x78, 0x2a, 0x2f, 0x9b, 0xf1, 0x18, 0x1d, 0x3b, 0x9b, 0xb1,
    0x01, 0xda, 0xc7, 0xdf, 0x66, 0x19, 0x51, 0x6c, 0x24, 0xc7, 0xdb, 0x13, 0x8f, 0xca, 0x3c, 0x3b,
    0xe5, 0x3d, 0xd8, 0xca, 0x4f, 0x25, 0x90, 0xc4, 0xd6, 0x28, 0x41, 0x2c, 0x0a, 0x2d, 0xfb, 0xe8,
    0x44, 0x03, 0x7d, 0x83, 0xd3, 0xa8, 0x94, 0x52, 0xf8, 0xe3, 0x08, 0xaf, 0xca, 0x31, 0xc9, 0x4f,
    0x88, 0x6d, 0xa8, 0x0d, 0x73, 0x8c, 0x52, 0x56, 0xf6, 0xe6, 0x48, 0x1d, 0x17, 0x0c, 0x8c, 0x42,
    0xf1, 0x07, 0x65, 0x3a, 0x2e, 0x7d, 0xea, 0xae, 0xee, 0x2e, 0x1c, 0x08, 0x9b, 0xb0, 0xdb, 0x1b,
    0x0a, 0x2d, 0xfb, 0xe8, 0x51, 0xbc, 0x27, 0x0b, 0x83, 0xc8, 0x31, 0x9c, 0x6f, 0x1a, 0x4f, 0x13,
    0x2f, 0xab, 0x0f, 0xb4, 0x22, 0xc6, 0xac, 0xff, 0x6e, 0x91, 0xb4, 0x39, 0x66, 0x19, 0x51, 0xe1,
    0xdd, 0xf9, 0xdd, 0x91, 0x6b, 0x36, 0xd0, 0xb0, 0x93, 0xa6, 0xff, 0x88, 0x6a, 0x03, 0x6e, 0xe0,
    0x54, 0xab, 0x34, 0x12, 0x0a, 0x2d, 0xfb, 0xe8, 0x05, 0x61, 0xb9, 0x7c, 0x1c, 0x3d, 0x09, 0x52,
    0xdc, 0xee, 0x0a, 0x01, 0x2f, 0x6b, 0xc6, 0xa3, 0x8d, 0xf8, 0xb9, 0x5b, 0xe0, 0x73, 0x91, 0xe9,
    0x66, 0x19, 0x51, 0x7d, 0x6d, 0x09, 0xae, 0x6b, 0x6a, 0x38, 0x30, 0x21, 0xec, 0x29, 0x76, 0x87,
    0x39, 0x33, 0x11, 0x04, 0x69, 0xde, 0x6e, 0x26, 0x0a, 0x2d, 0xfb, 0xe8, 0x42, 0xda, 0x15, 0x7f,
    0xba, 0x05, 0x8b, 0x6e, 0x49, 0xc3, 0xc6, 0xee, 0x2f, 0x1b, 0xdb, 0x0f, 0xf8, 0x2a, 0xc7, 0xb7,
    0x52, 0x56, 0x6e, 0x99, 0x66, 0x19, 0x51, 0xa4, 0x60, 0x4e, 0x5e, 0x9a, 0x5f, 0x5a, 0x7e, 0x3d,
    0x3a, 0xbd, 0x32, 0xd2, 0x9b, 0x8e, 0xf8, 0x09, 0x19, 0x48, 0x02, 0x3c, 0x0a, 0x2d, 0xfb, 0xe8,
    0xec, 0x6e, 0x4c, 0xa1, 0x53, 0x7a, 0x62, 0x24, 0xb6, 0x97, 0xb2, 0x65, 0xca, 0xb1, 0xb2, 0x46,
    0x63, 0x5d, 0xd4, 0x13, 0xc4, 0x38, 0x4b, 0x49, 0xf6, 0xe6, 0x48, 0x55, 0x53, 0x93, 0x0e, 0xc9,
    0xc1, 0x97, 0xa6, 0x79, 0x33, 0xbc, 0x9f, 0x4b, 0xfd, 0xe9, 0xdf, 0x0f, 0xc9, 0xb1, 0x95, 0x51,
    0x0a, 0x2d, 0xfb, 0xe8, 0x29, 0xe8, 0xa8, 0xa3, 0xf1, 0x42, 0xe4, 0x40, 0x60, 0x87, 0xe7, 0x1c,
    0xca, 0x61, 0xc7, 0xb2, 0xce, 0x8f, 0xe1, 0x6f, 0x36, 0xeb, 0xa5, 0x30, 0xf6, 0xe6, 0x48, 0x7c,
    0x46, 0xd8, 0xbe, 0xc7, 0x49, 0x6e, 0xd1, 0xdd, 0x77, 0xa7, 0x07, 0x79, 0x09, 0x35, 0xfc, 0xcc,
    0x29, 0x20, 0xf3, 0xd5, 0x0a, 0x2d, 0xfb, 0xe8, 0xa3, 0xbc, 0x2d, 0x7b, 0xa1, 0x62, 0x81, 0x3a,
    0x44, 0x92, 0x19, 0xf8, 0xca, 0xc1, 0xd0, 0xe1, 0x68, 0xe8, 0xe5, 0x61, 0x31, 0xf0, 0x07, 0x14,
    0xf6, 0xe6, 0x48, 0xca, 0x0c, 0xc6, 0x10, 0x17, 0x30, 0xb8, 0x16, 0xa4, 0x8c, 0x90, 0x77, 0xe8,
    0x85, 0x09, 0x4e, 0xd5, 0x47, 0xe4, 0xf2, 0xca, 0x0a, 0x2d, 0xfb, 0xe8, 0xea, 0x45, 0xe5, 0xcc,
    0x3f, 0x2b, 0x03, 0x57, 0xb1, 0x66, 0xa5, 0x5c, 0x2f, 0x9b, 0xc4, 0x06, 0xd3, 0x1a, 0xf3, 0xbd,
    0xa3, 0xd2, 0xe4, 0xc3, 0x66, 0x19, 0x51, 0x6c, 0xff, 0x0a, 0xc1, 0x45, 0x2f, 0xea, 0xbf, 0x0f,
    0x3a, 0xa8, 0x3d, 0x08, 0xe7, 0x64, 0x35, 0x0b, 0x5c, 0x17, 0x2d, 0xdf, 0x0a, 0x2d, 0xfb, 0xe8,
    0x94, 0xda, 0x1b, 0xef, 0xd8, 0x9f, 0xda, 0x0c, 0x1e, 0x3b, 0x91, 0xd3, 0xca, 0x31, 0x9c, 0x3d,
    0x3e, 0x4d, 0x00, 0x1a, 0x15, 0xb5, 0xc1, 0x73, 0xf6, 0xe6, 0x48, 0x1d, 0xf2, 0x4f, 0x71, 0x44,
    0x24, 0xdc, 0xc4, 0x30, 0x33, 0xa7, 0xaa, 0x81, 0x49, 0xc0, 0x1c, 0x11, 0x0c, 0x81, 0xc0, 0xf4,
    0x0a, 0x2d, 0xfb, 0xe8, 0xd1, 0x53, 0x78, 0xc1, 0x71, 0x14, 0xb2, 0xc2, 0x8b, 0x0f, 0x4d, 0xc1,
    0xca, 0xe1, 0xb0, 0xa9, 0xa9, 0x7f, 0x0d, 0x76, 0x87, 0x97, 0x9e, 0x23, 0xf6, 0xe6, 0x48, 0x44,
    0xe5, 0x94, 0x21, 0x73, 0x19, 0xfe, 0x12, 0x1d, 0x7c, 0xe6, 0xbc, 0x15, 0x18, 0xf0, 0xbf, 0x04,
    0xbc, 0xea, 0x53, 0x0a, 0x0a, 0x2d, 0xfb, 0xe8, 0xa1, 0xb1, 0xfa, 0x73, 0x0f, 0xdd, 0x33, 0xdf,
    0x35, 0xff, 0x51, 0xef, 0x2f, 0xab, 0x02, 0x4b, 0x14, 0xb2, 0x1a, 0xd2, 0xf9, 0x49, 0xf9, 0x0a,
    0x66, 0x19, 0x51, 0xe1, 0xd8, 0xd9, 0xd1, 0xa1, 0xa1, 0x04, 0x87, 0x7c, 0x15, 0x66, 0x74, 0x64,
    0xb7, 0x66, 0x20, 0xd4, 0x1c, 0x59, 0xb1, 0x8e, 0x0a, 0x2d, 0xfb, 0xe8, 0x1b, 0x86, 0x7f, 0x4b,
    0xbf, 0xfc, 0xd0, 0xd8, 0x19, 0x0a, 0x84, 0xca, 0x2f, 0x0b, 0x0c, 0x7a, 0xae, 0x0a, 0x1f, 0x34,
    0xe7, 0x47, 0xb8, 0x9f, 0x66, 0x19, 0x51, 0x2f, 0x9e, 0xc7, 0x23, 0xf1, 0x88, 0x4e, 0xcc, 0x42,
    0x2a, 0x4f, 0xe4, 0xd3, 0x33, 0x3b, 0x72, 0xdc, 0x3a, 0x1d, 0xb1, 0x83, 0x0a, 0x2d, 0xfb, 0xe8,
    0xcf, 0x2a, 0x11, 0xed, 0x5d, 0xc5, 0x52, 0x45, 0x19, 0x0a, 0x84, 0xca, 0x2f, 0xcb, 0xc2, 0x69,
    0x19, 0x3d, 0x2c, 0x90, 0x59, 0x2a, 0x95, 0x4f, 0x66, 0x19, 0x51, 0xcb, 0x2e, 0xd7, 0xf3, 0xca,
    0x87, 0x50, 0x2c, 0xb3, 0x83, 0xd2, 0x5a, 0x22, 0x95, 0x96, 0x59, 0x12, 0x4f, 0x50, 0xeb, 0x97,
    0x0a, 0x2d, 0xfb, 0xe8, 0x79, 0xbf, 0x47, 0x0f, 0xf6, 0x39, 0x2a, 0xfb, 0x86, 0xde, 0x6f, 0x41,
    0xca, 0x61, 0x9a, 0xa0, 0x84, 0x6f, 0x39, 0xec, 0xcb, 0x0c, 0x72, 0xff, 0xf6, 0xe6, 0x48, 0x7c,
    0x21, 0x1c, 0xa4, 0xf9, 0xe9, 0x8d, 0x54, 0x1f, 0x81, 0x25, 0x72, 0xb2, 0x64, 0xc6, 0xfc, 0x05,
    0xff, 0xb9, 0x7e, 0xad, 0x0a, 0x2d, 0xfb, 0xe8, 0xb6, 0x38, 0xa4, 0x11, 0x94, 0x02, 0xac, 0x17,
    0xf3, 0xb2, 0x2b, 0x2f, 0xca, 0x11, 0xaf, 0x0c, 0xef, 0xa1, 0x46, 0x48, 0x3d, 0xef, 0x4e, 0xaf,
    0xf6, 0xe6, 0x48, 0xa3, 0x14, 0x61, 0x54, 0x28, 0xde, 0xaf, 0xa2, 0x0b, 0xca, 0x64, 0x84, 0x96,
    0xc6, 0x21, 0xe4, 0x0b, 0xaf, 0x23, 0x12, 0xc3, 0x0a, 0x2d, 0xfb, 0xe8, 0x86, 0x96, 0x26, 0x94,
    0x2d, 0x77, 0x83, 0xcd, 0x9d, 0xa2, 0x30, 0x5d, 0x2f, 0xdb, 0x00, 0xae, 0x5a, 0xd4, 0x53, 0xa4,
    0xaf, 0xa1, 0xa9, 0x96, 0x66, 0x19, 0x51, 0x40, 0x07, 0xa6, 0x04, 0x27, 0xf9, 0x6a, 0xf3, 0x1f,
    0x5e, 0x90, 0x91, 0x7e, 0x65, 0x98, 0x44, 0xdb, 0x0f, 0x92, 0x6f, 0x47, 0x0a, 0x2d, 0xfb, 0xe8,
    0x6d, 0x86, 0x85, 0xeb, 0xe2, 0xea, 0xca, 0x2d, 0x81, 0xad, 0x92, 0xc1, 0xca, 0x21, 0xcd, 0xa7,
    0xf4, 0x2c, 0x58, 0x96, 0xaa, 0xa6, 0x0b, 0x7a, 0xf6, 0xe6, 0x48, 0x18, 0xcd, 0x93, 0x56, 0x76,
    0x4d, 0xd0, 0x12, 0x66, 0x28, 0x8d, 0x06, 0xea, 0xe1, 0x6c, 0x96, 0xe3, 0x2d, 0x56, 0x6f, 0x3c,
    0x0a, 0x2d, 0xfb, 0xe8, 0x21, 0x2b, 0x17, 0x5d, 0x7b, 0x5f, 0xa2, 0xe3, 0xee, 0x81, 0x4e, 0xaf,
    0xca, 0xe1, 0x83, 0x97, 0x5f, 0x5f, 0x65, 0xf2, 0x1c, 0x89, 0xe8, 0x29, 0xf6, 0xe6, 0x48, 0x44,
    0xc0, 0xd8, 0x06, 0xa5, 0xb9, 0x1d, 0x96, 0xf1, 0x81, 0x10, 0x7d, 0x38, 0x43, 0xc8, 0x7d, 0xe9,
    0xdd, 0xbf, 0x02, 0x52, 0x0a, 0x2d, 0xfb, 0xe8, 0x5e, 0xa4, 0x73, 0x2f, 0x14, 0xd4, 0x79, 0x99,
    0x5b, 0x56, 0x0a, 0x9d, 0xca, 0x91, 0x98, 0x03, 0xca, 0x91, 0x72, 0x4e, 0x8e, 0x6b, 0xc5, 0xd9,
    0xf6, 0xe6, 0x48, 0x6b, 0xb3, 0x1d, 0xb7, 0xd3, 0xae, 0x3f, 0xe4, 0xdd, 0xca, 0x4f, 0x8f, 0xcc,
    0x12, 0xf8, 0x20, 0x0d, 0xf2, 0xf2, 0x3c, 0x66, 0x0a, 0x2d, 0xfb, 0xe8, 0x2e, 0x02, 0xf6, 0xe1,
    0xb2, 0x9c, 0xfb, 0xb5, 0xc8, 0x2a, 0x96, 0x01, 0x2f, 0x5b, 0xea, 0xa4, 0x35, 0xc4, 0x7f, 0xaa,
    0x00, 0x4e, 0xa2, 0x89, 0x66, 0x19, 0x51, 0x08, 0xa6, 0x62, 0x67, 0xd2, 0xc9, 0xfa, 0x34, 0x8f,
    0x68, 0x23, 0xf1, 0x81, 0x74, 0x53, 0x08, 0x13, 0xa2, 0x5c, 0xd0, 0x7b, 0x0a, 0x2d, 0xfb, 0xe8,
    0x6b, 0x7b, 0x52, 0xb4, 0x4b, 0x11, 0xd3, 0x6b, 0x72, 0x1a, 0xcb, 0xb8, 0x2f, 0x0b, 0xff, 0x10,
    0xa0, 0xf6, 0x8c, 0x06, 0x72, 0x00, 0xfd, 0x70, 0x66, 0x19, 0x51, 0x2f, 0x99, 0xa7, 0x17, 0x01,
    0xbe, 0x1c, 0x83, 0x0e, 0xac, 0x0e, 0x59, 0xaf, 0x80, 0x9e, 0x24, 0xd0, 0x02, 0xcb, 0x2d, 0x00,
    0x0a, 0x2d, 0xfb, 0xe8, 0x52, 0x6b, 0xb1, 0x0b, 0x00, 0x85, 0x1a, 0xcc, 0x56, 0x25, 0x2d, 0x1d,
    0xca, 0x51, 0xcb, 0x0a, 0x3a, 0x4f, 0x91, 0xf8, 0x6d, 0x05, 0x5f, 0x54, 0xf6, 0xe6, 0x48, 0x07,
    0x5f, 0x95, 0x69, 0x50, 0x12, 0x82, 0xa2, 0x24, 0x71, 0xb7, 0x23, 0x04, 0x8f, 0x9e, 0xba, 0xea,
    0x20, 0x8f, 0x2d, 0xf5, 0x0a, 0x2d, 0xfb, 0xe8, 0x99, 0xf4, 0x68, 0x2d, 0x99, 0xf9, 0xf1, 0x81,
    0xc3, 0xf9, 0xb8, 0x81, 0x2f, 0x2b, 0xbf, 0x2f, 0xa5, 0x81, 0x9e, 0x54, 0xdf, 0xe7, 0x3b, 0x04,
    0x66, 0x19, 0x51, 0x19, 0xef, 0xa4, 0x39, 0x5a, 0x11, 0xb4, 0x4b, 0x90, 0x1f, 0xcf, 0xe9, 0xd3,
    0x5e, 0xce, 0x5d, 0xde, 0xd0, 0xf8, 0xc0, 0x0a, 0x0a, 0x2d, 0xfb, 0xe8, 0x43, 0x89, 0x9f, 0x4f,
    0x32, 0x6e, 0xc9, 0x37, 0x30, 0xce, 0xa4, 0xf8, 0xca, 0xc1, 0x96, 0x66, 0x10, 0xb4, 0xab, 0xb0,
    0x51, 0xca, 0x18, 0xb4, 0xf6, 0xe6, 0x48, 0xca, 0xe2, 0xe9, 0xe9, 0x58, 0x06, 0xa6, 0x50, 0xb1,
    0x18, 0xce, 0x56, 0x4d, 0xc0, 0x29, 0x45, 0x14, 0xe5, 0x2b, 0xfb, 0x1e, 0x0a, 0x2d, 0xfb, 0xe8,
    0x13, 0xe7, 0x21, 0x02, 0xd0, 0x36, 0x4b, 0x54, 0x9d, 0xa2, 0x30, 0x5d, 0x2f, 0x8b, 0xe8, 0x07,
    0x7b, 0xe6, 0xb8, 0x0c, 0xc3, 0xac, 0xf5, 0x63, 0x66, 0x19, 0x51, 0x67, 0xd5, 0x2e, 0x9a, 0x87,
    0x8e, 0xac, 0xc4, 0x4d, 0xb1, 0x4d, 0x0e, 0x9c, 0x22, 0x85, 0x2c, 0x1a, 0x95, 0x95, 0x8e, 0x34,
    0x0a, 0x2d, 0xfb, 0xe8, 0x50, 0x60, 0x7e, 0xd4, 0x69, 0xab, 0x22, 0x0a, 0x47, 0x92, 0x65, 0x14,
    0x2f, 0x3b, 0xfd, 0x73, 0xe6, 0x18, 0xc6, 0x68, 0x35, 0x5f, 0x50, 0x4b, 0x66, 0x19, 0x51, 0x8e,
    0xc8, 0x73, 0x4a, 0xb6, 0x83, 0xce, 0x12, 0xfd, 0xfa, 0x8c, 0x20, 0x30, 0x2e, 0xd0, 0x48, 0xd7,
    0xf5, 0x03, 0xec, 0xb8, 0x0a, 0x2d, 0xfb, 0xe8, 0x37, 0x50, 0xdd, 0x2b, 0x1e, 0x1f, 0x6a, 0xba,
    0xbe, 0xc8, 0x0b, 0x8b, 0xca, 0x81, 0xc9, 0x6d, 0x80, 0x71, 0xca, 0x5a, 0x30, 0x64, 0xb2, 0x2e,
    0xf6, 0xe6, 0x48, 0xf6, 0xf1, 0x96, 0x7c, 0x2a, 0xd7, 0x33, 0x32, 0x13, 0xbf, 0x35, 0xeb, 0x34,
    0xaa, 0xa4, 0x9a, 0xdf, 0x13, 0xc8, 0xeb, 0xad, 0x0a, 0x2d, 0xfb, 0xe8, 0x7e, 0xd9, 0x94, 0x4d,
    0xb7, 0x93, 0x41, 0x70, 0x2b, 0x9d, 0x97, 0xef, 0x2f, 0x5b, 0xbd, 0x92, 0xeb, 0xa3, 0xd7, 0xb6,
    0xa2, 0x46, 0x8f, 0xde, 0x66, 0x19, 0x51, 0x08, 0x81, 0xa6, 0x4c, 0x04, 0x69, 0x1a, 0xb8, 0x33,
    0x68, 0xf9, 0x06, 0xee, 0x0c, 0x00, 0x82, 0xe5, 0xc3, 0x31, 0x7f, 0xc3, 0x0a, 0x2d, 0xfb, 0xe8,
    0x28, 0x6e, 0xcb, 0x9f, 0x55, 0x5c, 0xc3, 0x8c, 0x98, 0x71, 0x83, 0x66, 0xca, 0xf1, 0x94, 0xc9,
    0x56, 0xd6, 0xe4, 0x12, 0x14, 0x29, 0x6c, 0x8e, 0xf6, 0xe6, 0x48, 0xb9, 0x74, 0xeb, 0xfc, 0x32,
    0xcb, 0x57, 0xe0, 0x9f, 0x66, 0x4c, 0x1e, 0xce, 0x6e, 0x5b, 0x69, 0x1b, 0xd8, 0x64, 0xb9, 0xd7,
    0x0a, 0x2d, 0xfb, 0xe8, 0x65, 0xe7, 0x27, 0x72, 0xee, 0xd0, 0x9a, 0x42, 0x05, 0x46, 0x3f, 0x54,
    0xca, 0xa1, 0xa9, 0x35, 0xc1, 0x08, 0xf2, 0x6e, 0x86, 0x0b, 0x49, 0x3e, 0xf6, 0xe6, 0x48, 0xe0,
    0x67, 0x30, 0xad, 0x61, 0xc0, 0x79, 0x2e, 0x8c, 0xaf, 0x8b, 0x30, 0x62, 0x3d, 0x8b, 0x0c, 0x0f,
    0x88, 0xce, 0x4c, 0xed, 0x0a, 0x2d, 0xfb, 0xe8, 0x35, 0x45, 0xaa, 0xf4, 0x87, 0x45, 0x72, 0xf8,
    0xaf, 0x35, 0x44, 0x82, 0x2f, 0x6b, 0xfb, 0x86, 0x85, 0x60, 0x47, 0xc3, 0xeb, 0xb6, 0x00, 0xd7,
    0x66, 0x19, 0x51, 0x7d, 0x5a, 0x75, 0x5d, 0x60, 0xdb, 0x34, 0x7f, 0xa0, 0x43, 0xb7, 0x3d, 0x4a,
    0xdc, 0x01, 0x6d, 0xde, 0xe8, 0x3c, 0xaa, 0x71, 0x0a, 0x2d, 0xfb, 0xe8, 0x1c, 0x35, 0x09, 0x4c,
    0x3c, 0xb9, 0xb9, 0x58, 0x93, 0x40, 0xa6, 0xe6, 0xca, 0xb1, 0xc7, 0xd0, 0xc6, 0x93, 0x03, 0x2d,
    0xe6, 0xbb, 0x62, 0xba, 0xf6, 0xe6, 0x48, 0x55, 0x20, 0x63, 0xaf, 0xaf, 0x2f, 0x9a, 0x9e, 0xb6,
    0x08, 0x60, 0x08, 0x4f, 0x58, 0xd6, 0xbe, 0xe6, 0x06, 0x01, 0xaa, 0x66, 0x0a, 0x2d, 0xfb, 0xe8,
    0x63, 0xbe, 0xc0, 0x6d, 0xd5, 0x2d, 0x91, 0x0e, 0x00, 0x15, 0x32, 0x4b, 0x2f, 0x8b, 0xbb, 0xa5,
    0x8a, 0xeb, 0x58, 0x11, 0x58, 0x9e, 0x3f, 0x6a, 0x66, 0x19, 0x51, 0x67, 0xb0, 0x72, 0x7f, 0xb9,
    0x2e, 0xcc, 0x47, 0x22, 0xb6, 0x77, 0xce, 0x6e, 0xba, 0x31, 0xa6, 0xec, 0xb6, 0x6a, 0x3d, 0x7c,
    0x0a, 0x2d, 0xfb, 0xe8, 0xa0, 0x37, 0x1d, 0x70, 0x73, 0xf6, 0x12, 0x2b, 0x6d, 0xe9, 0xed, 0x38,
    0x2f, 0x3b, 0xd0, 0x11, 0xf5, 0x1d, 0x66, 0x6d, 0xca, 0x80, 0x1c, 0x1a, 0x66, 0x19, 0x51, 0x8e,
    0xa3, 0xb7, 0x2f, 0xe8, 0x23, 0xee, 0x95, 0x0e, 0xff, 0xb6, 0xe0, 0x02, 0x89, 0x61, 0x49, 0x10,
    0xcb, 0x9d, 0x77, 0x90, 0x0a, 0x2d, 0xfb, 0xe8, 0xdd, 0xb0, 0x79, 0x42, 0x0c, 0x6b, 0xea, 0xe0,
    0xda, 0xbd, 0xa9, 0x26, 0x2f, 0xeb, 0xe4, 0x7d, 0x60, 0x50, 0x73, 0xc9, 0x3c, 0x63, 0xf9, 0xc9,
    0x66, 0x19, 0x51, 0x45, 0xf9, 0x31, 0xc0, 0x0b, 0xab, 0xc4, 0xc0, 0x0f, 0x4d, 0x4a, 0x9d, 0x4d,
    0xeb, 0xbc, 0x30, 0x16, 0x7b, 0x07, 0x0b, 0xa6, 0x0a, 0x2d, 0xfb, 0xe8, 0x87, 0x45, 0xb0, 0x94,
    0xaa, 0x33, 0x6c, 0xfd, 0x84, 0xad, 0x0e, 0x67, 0xca, 0x81, 0xbc, 0xb4, 0xcb, 0x82, 0x80, 0x25,
    0xae, 0x15, 0x54, 0xb1, 0xf6, 0xe6, 0x48, 0xf6, 0xec, 0x76, 0x70, 0x3a, 0x0d, 0x02, 0xe9, 0xde,
    0x41, 0xf5, 0x5f, 0x60, 0x8a, 0x33, 0x91, 0xe5, 0xdb, 0x75, 0x68, 0x2a, 0x0a, 0x2d, 0xfb, 0xe8,
    0x01, 0x1a, 0x35, 0x6c, 0x5a, 0x53, 0x09, 0x47, 0xfb, 0xe3, 0x84, 0x54, 0xca, 0xe1, 0xc5, 0x33,
    0x0c, 0xb6, 0x3c, 0x8f, 0xa9, 0x1a, 0xb6, 0x94, 0xf6, 0xe6, 0x48, 0x44, 0xb2, 0x64, 0xc2, 0x89,
    0xf4, 0x4b, 0x2e, 0xa5, 0x56, 0xde, 0xcf, 0xcf, 0x06, 0x08, 0xe3, 0xed, 0xf9, 0x39, 0x68, 0x1f,
    0x0a, 0x2d, 0xfb, 0xe8, 0x48, 0xa3, 0xec, 0x8d, 0xf3, 0xc7, 0xe0, 0xfc, 0x68, 0xb8, 0x10, 0xb9,
    0x2f, 0xbb, 0xb9, 0x08, 0xd0, 0x0d, 0x92, 0x73, 0x1b, 0xfd, 0x92, 0x44, 0x66, 0x19, 0x51, 0x56,
    0x42, 0x74, 0x92, 0x93, 0xf3, 0x7d, 0xd7, 0xe0, 0xff, 0xa1, 0xeb, 0x38, 0xd5, 0x37, 0x86, 0xe1,
    0xa9, 0xa3, 0xfb, 0x34, 0x0a, 0x2d, 0xfb, 0xe8, 0x85, 0x1c, 0x49, 0x90, 0x91, 0x90, 0x62, 0x19,
    0xd5, 0x8c, 0xcc, 0xa6, 0x2f, 0x6b, 0xce, 0x74, 0x3b, 0x40, 0x9f, 0xcf, 0x8d, 0xdf, 0x6f, 0xf4,
    0x66, 0x19, 0x51, 0x7d, 0x35, 0xb9, 0x42, 0x92, 0x7b, 0x54, 0x02, 0xe2, 0x4d, 0x35, 0xa8, 0x83,
    0x37, 0x93, 0x6d, 0x17, 0xbe, 0xd6, 0x35, 0x49, 0x0a, 0x2d, 0xfb, 0xe8, 0x2f, 0xb1, 0x7f, 0xb2,
    0x2a, 0x05, 0x3a, 0xcf, 0x42, 0x61, 0xb8, 0x1d, 0xca, 0x01, 0xa6, 0xab, 0xa6, 0x72, 0xac, 0x2b,
    0xff, 0xc1, 0x4c, 0xa4, 0xf6, 0xe6, 0x48, 0x2e, 0x28, 0xfe, 0xf2, 0xc0, 0xdd, 0x91, 0x2a, 0x1e,
    0x46, 0x34, 0x15, 0xfd, 0x99, 0xee, 0x54, 0x1d, 0x6e, 0x40, 0xc9, 0x5e, 0x0a, 0x2d, 0xfb, 0xe8,
    0xff, 0x0e, 0x02, 0x65, 0xc8, 0xcd, 0xbb, 0xeb, 0xec, 0x50, 0xbd, 0x4b, 0x2f, 0xcb, 0xf7, 0x4c,
    0x11, 0xa5, 0xb9, 0x87, 0x71, 0x74, 0xa7, 0x8b, 0x66, 0x19, 0x51, 0xcb, 0x1b, 0x43, 0xa3, 0xbf,
    0xf8, 0x4c, 0x7b, 0x32, 0xda, 0x5f, 0x22, 0x95, 0xa5, 0x39, 0x71, 0xda, 0xce, 0xae, 0x26, 0xe3,
    0x0a, 0x2d, 0xfb, 0xe8, 0x79, 0xe3, 0x86, 0x3c, 0x78, 0xed, 0x58, 0xe5, 0xd0, 0x5b, 0xef, 0x26,
    0x2f, 0x2b, 0x01, 0x7c, 0xab, 0xfd, 0xbd, 0x79, 0x6c, 0x79, 0x09, 0x6f, 0x66, 0x19, 0x51, 0x19,
    0xe1, 0x30, 0xf5, 0x0e, 0xdf, 0x96, 0xc0, 0x28, 0xf4, 0x9c, 0x3c, 0xbb, 0xb4, 0x39, 0x07, 0xf5,
    0xec, 0x72, 0x26, 0xd8, 0x0a, 0x2d, 0xfb, 0xe8, 0x9a, 0xa3, 0xf2, 0x2d, 0x16, 0xb6, 0xda, 0x01,
    0x3d, 0x30, 0xdb, 0x9d, 0xca, 0xd1, 0x7a, 0x36, 0x16, 0x30, 0xcb, 0xd5, 0xde, 0x5b, 0xe6, 0x1e,
    0xf6, 0xe6, 0x48, 0xcf, 0xd4, 0x75, 0xa5, 0x3d, 0xb8, 0xff, 0x1d, 0x04, 0xfd, 0xdf, 0x0d, 0x4f,
    0x83, 0x69, 0xaa, 0xe8, 0x9c, 0xdc, 0xb9, 0xed, 0x0a, 0x2d, 0xfb, 0xe8, 0xd7, 0x1c, 0x4f, 0x00,
    0xaf, 0x2a, 0xb2, 0xb7, 0xaa, 0x04, 0x97, 0x8b, 0xca, 0x81, 0x8f, 0xa2, 0x81, 0x62, 0xd8, 0x31,
    0x50, 0x3e, 0xc3, 0xce, 0xf6, 0xe6, 0x48, 0xf6, 0xc7, 0xba, 0x55, 0x6c, 0xad, 0x21, 0x6c, 0xf0,
    0x46, 0x1f, 0x20, 0x33, 0xe5, 0xc4, 0x91, 0xee, 0x4c, 0x46, 0x4d, 0x03, 0x0a, 0x2d, 0xfb, 0xe8,
    0xa7, 0x7a, 0xd1, 0x82, 0x48, 0x9f, 0x89, 0x6d, 0x17, 0xd9, 0x22, 0xf0, 0x2f, 0x4b, 0xe1, 0x43,
    0xec, 0x94, 0xe5, 0x8d, 0xc2, 0x20, 0xa0, 0x7e, 0x66, 0x19, 0x51, 0x93, 0xba, 0xff, 0x05, 0x6b,
    0xc8, 0xdc, 0xbc, 0xa1, 0xe4, 0xf2, 0x81, 0x98, 0xb4, 0xf4, 0x34, 0x12, 0x61, 0x79, 0x87, 0x17,
    0x0a, 0x2d, 0xfb, 0xe8, 0x51, 0x0f, 0x08, 0xd5, 0xe6, 0x67, 0x0b, 0x8a, 0xc1, 0xc8, 0x87, 0x30,
    0xca, 0xe1, 0xb8, 0x7a, 0x57, 0xc7, 0xf2, 0xe9, 0x34, 0xd3, 0xfa, 0x65, 0xf6, 0xe6, 0x48, 0x44,
    0xad, 0x44, 0xb6, 0x99, 0x2a, 0x1a, 0xe5, 0x70, 0xd8, 0x9d, 0x44, 0xab, 0x53, 0x6b, 0x95, 0xe1,
    0xc1, 0xe7, 0xe4, 0x9b, 0x0a, 0x2d, 0xfb, 0xe8, 0x5e, 0xc8, 0xb2, 0x5c, 0x96, 0x87, 0xa8, 0xd3,
    0x38, 0xff, 0xcd, 0x94, 0x2f, 0x5b, 0xff, 0xde, 0xf1, 0x1f, 0xf7, 0xdb, 0x2f, 0xd8, 0x5c, 0x49,
    0x66, 0x19, 0x51, 0x08, 0x73, 0x32, 0x08, 0xe9, 0xa4, 0x48, 0x50, 0xe7, 0x3d, 0xc7, 0x59, 0x85,
    0xcf, 0x3f, 0xe7, 0xe9, 0xdf, 0xab, 0xe4, 0x90, 0x0a, 0x2d, 0xfb, 0xe8, 0x7f, 0x88, 0x1e, 0x4e,
    0x34, 0x50, 0x2a, 0xf0, 0xa5, 0xd3, 0xb9, 0x0b, 0xca, 0x01, 0x79, 0x99, 0x5c, 0x52, 0x04, 0xa8,
    0x94, 0xb3, 0x96, 0xaa, 0xf6, 0xe6, 0x48, 0x2e, 0x03, 0x42, 0xd8, 0xf2, 0x7d, 0xb1, 0xad, 0xf2,
    0x4b, 0x5e, 0xd5, 0xcf, 0x31, 0x9b, 0xce, 0xef, 0x8f, 0x15, 0x78, 0xa6, 0x0a, 0x2d, 0xfb, 0xe8,
    0x4f, 0xe6, 0xa0, 0xd0, 0xcd, 0xc4, 0x01, 0xa6, 0x12, 0xa8, 0x45, 0x70, 0x2f, 0xcb, 0xca, 0x3a,
    0xc7, 0x84, 0x11, 0x04, 0x06, 0x96, 0x73, 0x5a, 0x66, 0x19, 0x51, 0xcb, 0xf6, 0x86, 0x88, 0xf1,
    0x98, 0x6c, 0xfe, 0x73, 0xe4, 0xdd, 0x8c, 0x1e, 0x93, 0xf6, 0xb5, 0xf5, 0x3f, 0x7f, 0x0b, 0xbc,
    0x0a, 0x2d, 0xfb, 0xe8, 0xf9, 0x7a, 0xd7, 0x22, 0x6b, 0x8d, 0x83, 0xc2, 0x7f, 0x7c, 0x31, 0xe7,
    0xca, 0x61, 0xa2, 0x71, 0x32, 0xb7, 0x1e, 0x60, 0x78, 0x78, 0x50, 0x0a, 0xf6, 0xe6, 0x48, 0x7c,
    0xe9, 0xcb, 0x38, 0x20, 0xfa, 0xa9, 0x26, 0xb0, 0xdd, 0xdc, 0xf9, 0x47, 0x62, 0x26, 0x59, 0x19,
    0x54, 0xb2, 0x45, 0xd0, 0x0a, 0x2d, 0xfb, 0xe8, 0xc0, 0x8a, 0xc2, 0xe1, 0x75, 0x27, 0x37, 0x8e,
    0xe7, 0xd4, 0xf3, 0x6a, 0x91, 0xf6, 0xee, 0xfa, 0x30, 0x88, 0xe3, 0x80, 0x15, 0x28, 0x51, 0xcf,
    0xa3, 0x40, 0x02, 0x2a, 0x3c, 0x75, 0xb4, 0xed, 0xf8, 0x5f, 0x9f, 0x87, 0xcc, 0x16, 0x0f, 0x38,
    0x2f, 0x4e, 0x55, 0x11, 0xd4, 0x77, 0x1a, 0x07, 0x4b, 0xa4, 0x1c, 0x37, 0xcc, 0x8e, 0x8f, 0xcb,
    0x48, 0x56, 0xbc, 0x9a, 0xa6, 0x62, 0xe7, 0xf6, 0x91, 0x36, 0xf4, 0x34, 0x81, 0x87, 0x7e, 0x2f,
    0xc7, 0x84, 0x58, 0x88, 0xa3, 0x40, 0x02, 0x76, 0x99, 0xd0, 0xa8, 0x4b, 0xcc, 0x67, 0x6a, 0x58,
    0xdf, 0x17, 0x9a, 0xab, 0x05, 0x18, 0x4d, 0xdd, 0xcf, 0x40, 0x41, 0x09, 0x4b, 0xa4, 0x1c, 0x37,
    0xbf, 0xce, 0xce, 0x26, 0x92, 0xf0, 0x43, 0xf5, 0x65, 0xf0, 0xda, 0x82, 0x91, 0x86, 0xfe, 0xbb,
    0xd2, 0x86, 0x19, 0xde, 0x79, 0xe1, 0x5f, 0x41, 0xa3, 0x40, 0x02, 0x05, 0xf6, 0x2b, 0x9d, 0xa9,
    0x87, 0xab, 0xa7, 0x9a, 0xb9, 0x33, 0x30, 0x0b, 0xdb, 0xe1, 0x44, 0x99, 0x1f, 0x06, 0xd1, 0x4f,
    0x4b, 0xa4, 0x1c, 0x37, 0xb2, 0x0e, 0x0e, 0xb2, 0x65, 0x1f, 0xc9, 0x01, 0x24, 0x7e, 0xce, 0x0e,
    0x91, 0xd6, 0x08, 0x43, 0x23, 0x86, 0xb4, 0x8c, 0x2b, 0x3e, 0x67, 0xfa, 0xa3, 0x40, 0x02, 0x94,
    0x53, 0x87, 0x91, 0x37, 0x7f, 0x74, 0xc8, 0xec, 0x1c, 0xe4, 0xc3, 0xac, 0x70, 0x39, 0x30, 0xe1,
    0x6f, 0xcb, 0x60, 0x96, 0x4b, 0xa4, 0x1c, 0x37, 0x68, 0xf9, 0x15, 0xf5, 0xaf, 0xb9, 0x50, 0x5c,
    0x92, 0xb6, 0x70, 0x06, 0xe6, 0x72, 0x41, 0x48, 0x74, 0x85, 0x4f, 0x3b, 0xdd, 0x6a, 0xb6, 0x4e,
    0xb3, 0x77, 0x83, 0x8c, 0xb0, 0xe2, 0x85, 0x95, 0xfd, 0x62, 0xce, 0x83, 0x08, 0x29, 0x55, 0x70,
    0xf5, 0xad, 0xc6, 0xf4, 0x0f, 0x5b, 0xb7, 0xfc, 0x4b, 0xa4, 0x1c, 0x37, 0x8b, 0xcc, 0xc3, 0x0c,
    0x3f, 0x22, 0xdc, 0x33, 0xdf, 0x42, 0x90, 0xca, 0x91, 0xc6, 0x47, 0x37, 0x22, 0x84, 0xe5, 0x98,
    0x38, 0x31, 0xb2, 0xcc, 0xa3, 0x40, 0x02, 0x41, 0x8a, 0xa7, 0xfa, 0x63, 0xe3, 0xe6, 0x72, 0x86,
    0x2f, 0xa0, 0xa7, 0x0d, 0x09, 0x19, 0xc9, 0x86, 0x51, 0x81, 0x49, 0xa3, 0x4b, 0xa4, 0x1c, 0x37,
    0x97, 0xd0, 0x90, 0xc6, 0x89, 0xbc, 0x63, 0x8e, 0x9e, 0xd0, 0x83, 0x56, 0x91, 0x06, 0x4d, 0x71,
    0x73, 0x83, 0x80, 0x47, 0xea, 0x8d, 0xb9, 0x85, 0xa3, 0x40, 0x02, 0x7d, 0xfa, 0x86, 0x0b, 0x65,
    0xf4, 0x73, 0x21, 0x07, 0xb9, 0x0c, 0x35, 0xcf, 0xdf, 0xe2, 0xc0, 0x52, 0x4c, 0x4a, 0x70, 0xa5,
    0x4b, 0xa4, 0x1c, 0x37, 0x8a, 0x10, 0xd0, 0x51, 0x5c, 0xeb, 0xe8, 0x9a, 0x5d, 0x5e, 0x77, 0xe2,
    0x91, 0x56, 0x57, 0xf8, 0xc4, 0x82, 0x1b, 0xf6, 0x9c, 0xea, 0xc0, 0x3e, 0xa3, 0x40, 0x02, 0x0c,
    0x57, 0xe2, 0xff, 0xc2, 0xaf, 0xb7, 0x5e, 0x79, 0x1c, 0xbd, 0xc8, 0x70, 0x74, 0x3a, 0xac, 0x9a,
    0x9c, 0x0f, 0x00, 0xec, 0x4b, 0xa4, 0x1c, 0x37, 0x40, 0xfb, 0xd7, 0xc4, 0x2f, 0x1a, 0x6e, 0xa7,
    0x1c, 0xec, 0x7a, 0x82, 0xe6, 0xf2, 0x8f, 0xfd, 0x15, 0x82, 0xb6, 0xa4, 0x4e, 0x47, 0xc8, 0xf7,
    0xb3, 0x77, 0x83, 0x04, 0xb4, 0x3d, 0xf4, 0x20, 0x2d, 0xa6, 0x64, 0xd3, 0x0f, 0xb6, 0x35, 0xa2,
    0x4a, 0x04, 0xa4, 0x56, 0xec, 0xd4, 0x8f, 0x32, 0x4b, 0xa4, 0x1c, 0x37, 0x70, 0x90, 0x4e, 0x38,
    0x79, 0xb4, 0xf5, 0x01, 0x8a, 0x24, 0xfd, 0x51, 0x91, 0xf6, 0x6b, 0x06, 0x66, 0x81, 0x51, 0x53,
    0x00, 0x74, 0x17, 0x4c, 0xa3, 0x40, 0x02, 0x2a, 0x11, 0x99, 0xe8, 0xae, 0x62, 0xc4, 0xbc, 0x4a,
    0x52, 0xd5, 0x16, 0x04, 0x8e, 0x06, 0x2e, 0xf6, 0x8c, 0x64, 0xe6, 0x98, 0x4b, 0xa4, 0x1c, 0x37,
    0x19, 0xb9, 0x8d, 0x1f, 0x09, 0x1d, 0x81, 0x69, 0x96, 0x7f, 0xa2, 0xd6, 0xe6, 0xe2, 0xce, 0xf1,
    0x14, 0x80, 0xe7, 0xb0, 0x5b, 0x3a, 0x43, 0x5f, 0xb3, 0x77, 0x83, 0xc1, 0xd8, 0xd9, 0x40, 0x0a,
    0xce, 0x9d, 0xf2, 0x1c, 0x09, 0x95, 0x42, 0x31, 0xe3, 0x24, 0xaf, 0x08, 0xce, 0x3a, 0xb3, 0xaf,
    0x4b, 0xa4, 0x1c, 0x37, 0x25, 0xbd, 0x5a, 0xd9, 0x53, 0xb7, 0x08, 0xc4, 0x55, 0x0d, 0x96, 0x62,
    0xe6, 0x22, 0xd4, 0x2b, 0x65, 0x7f, 0x82, 0x5f, 0x0d, 0x97, 0x4a, 0x18, 0xb3, 0x77, 0x83, 0xfd,
    0x48, 0xb9, 0x51, 0xdb, 0xa2, 0xa5, 0xbd, 0xed, 0x1c, 0x96, 0xcd, 0x34, 0x78, 0x7c, 0x9a, 0x60,
    0xc9, 0x03, 0xda, 0xb1, 0x4b, 0xa4, 0x1c, 0x37, 0x18, 0xfd, 0x99, 0x64, 0x26, 0xe6, 0x8d, 0xd0,
    0x14, 0x9b, 0x89, 0xee, 0xe6, 0x72, 0xde, 0xb2, 0xb6, 0x7e, 0x1d, 0x0e, 0xbf, 0xf3, 0x51, 0xd1,
    0xb3, 0x77, 0x83, 0x8c, 0xa5, 0x14, 0x46, 0x39, 0x5d, 0xe9, 0xfa, 0x2f, 0xf6, 0xb1, 0x63, 0x94,
    0x4e, 0x46, 0x92, 0x1c, 0x19, 0xc9, 0x69, 0xf8, 0x4b, 0xa4, 0x1c, 0x37, 0x48, 0x92, 0x10, 0xd8,
    0x70, 0x80, 0x15, 0x2b, 0xd3, 0x28, 0x6d, 0x66, 0x91, 0x76, 0xba, 0xbb, 0x07, 0x7e, 0xb8, 0xbc,
    0x71, 0x50, 0x59, 0x8a, 0xa3, 0x40, 0x02, 0xb2, 0x02, 0x70, 0x3a, 0xc7, 0x92, 0x07, 0x53, 0x9a,
    0xc9, 0x19, 0x1e, 0x86, 0x24, 0x10, 0x8a, 0xd8, 0x69, 0x8e, 0xf9, 0x3e, 0x4b, 0xa4, 0x1c, 0x37,
    0x3b, 0xd2, 0x4f, 0x63, 0x43, 0xaf, 0x9a, 0x37, 0x41, 0x20, 0x8d, 0x3d, 0x91, 0xc6, 0xc4, 0x42,
    0x58, 0x7d, 0x53, 0x6b, 0x23, 0x7d, 0x78, 0x49, 0xa3, 0x40, 0x02, 0x41, 0x5f, 0xcb, 0x2e, 0x25,
    0x4d, 0x4b, 0x90, 0x49, 0xb5, 0x5e, 0xaf, 0xd9, 0x68, 0xd1, 0xa1, 0x6b, 0x09, 0x6e, 0x15, 0x35,
    0x4b, 0xa4, 0x1c, 0x37, 0x21, 0x50, 0xc6, 0x62, 0xd3, 0x17, 0x26, 0x9f, 0x4d, 0x7b, 0x22, 0xae,
    0x91, 0x66, 0xf9, 0xaf, 0x06, 0x7c, 0xe9, 0xc8, 0x7e, 0x43, 0xa4, 0x5c, 0xa3, 0x40, 0x02, 0x5f,
    0x39, 0x90, 0xa3, 0xf3, 0xf6, 0x79, 0xfd, 0x03, 0x53, 0x41, 0x04, 0xc5, 0x7c, 0x7d, 0x16, 0x0a,
    0x4b, 0x44, 0xe2, 0x4b, 0x4b, 0xa4, 0x1c, 0x37, 0xf0, 0xfe, 0x5b, 0x04, 0x1d, 0xb2, 0xad, 0xf9,
    0x0c, 0x09, 0x26, 0x4e, 0xe6, 0xf2, 0x2c, 0x68, 0x57, 0x7b, 0x84, 0xc7, 0x83, 0xa9, 0xfa, 0x43,
    0xb3, 0x77, 0x83, 0x04, 0xa9, 0x6f, 0xb4, 0xc4, 0x8d, 0x2c, 0x91, 0xbc, 0xf6, 0x8a, 0x68, 0x58,
    0x52, 0x47, 0x0e, 0xc6, 0x9b, 0x09, 0x72, 0x92, 0x4b, 0xa4, 0x1c, 0x37, 0x20, 0x94, 0xd2, 0xa7,
    0xf0, 0xe0, 0x32, 0x06, 0xcb, 0x96, 0x09, 0xc6, 0x91, 0xf6, 0x08, 0x71, 0xa8, 0x7a, 0x1f, 0x76,
    0x35, 0x06, 0x02, 0xfd, 0xa3, 0x40, 0x02, 0x2a, 0x06, 0xcb, 0xa8, 0x52, 0xc2, 0x4a, 0xe9, 0x26,
    0xc9, 0xf2, 0x22, 0x4a, 0x28, 0x11, 0x06, 0x92, 0x96, 0xd2, 0x98, 0x94, 0x4b, 0xa4, 0x1c, 0x37,
    0x13, 0xd4, 0x11, 0x03, 0x3a, 0x7b, 0xba, 0x60, 0x8a, 0x24, 0xfd, 0x51, 0x91, 0x46, 0x13, 0xf8,
    0xf9, 0x79, 0xba, 0x24, 0xe7, 0x62, 0x09, 0xb6, 0xa3, 0x40, 0x02, 0xb9, 0x63, 0x26, 0x9d, 0xb0,
    0x7d, 0x8e, 0x26, 0x69, 0xa3, 0x0e, 0xb9, 0x39, 0xbd, 0x68, 0xf1, 0xd9, 0xe6, 0x97, 0x28, 0xdb,
    0x4b, 0xa4, 0x1c, 0x37, 0xc9, 0xbe, 0x19, 0x76, 0x0d, 0xaa, 0x3f, 0x6d, 0xf8, 0x1b, 0x2d, 0x3d,
    0xe6, 0xe2, 0x4b, 0xfd, 0x4a, 0x79, 0x55, 0xd3, 0x99, 0x8f, 0x28, 0x75, 0xb3, 0x77, 0x83, 0xc1,
    0xad, 0xfd, 0x74, 0x9b, 0xfb, 0x7c, 0x2c, 0x00, 0x1f, 0x9c, 0x23, 0x1d, 0x42, 0x9c, 0x15, 0xe1,
    0x86, 0x77, 0x44, 0xd1, 0x4b, 0xa4, 0x1c, 0x37, 0xaf, 0x3c, 0x90, 0x45, 0x14, 0x7e, 0xcd, 0x92,
    0x45, 0xe9, 0xce, 0x21, 0xe6, 0x82, 0x80, 0x6a, 0xf8, 0x77, 0xeb, 0x30, 0xf4, 0x55, 0x54, 0x88,
    0xb3, 0x77, 0x83, 0xdf, 0x87, 0xc2, 0xe9, 0x69, 0xa4, 0xab, 0x99, 0xea, 0x46, 0x13, 0x76, 0xba,
    0x56, 0x48, 0x8a, 0x7f, 0xc8, 0x4d, 0x11, 0xe8, 0x4b, 0xa4, 0x1c, 0x37, 0xbb, 0x40, 0x5d, 0x2f,
    0xe7, 0xac, 0x52, 0x9f, 0x04, 0x77, 0xc2, 0xad, 0xe6, 0xc2, 0x85, 0xa4, 0x49, 0x77, 0x86, 0xdf,
    0xa6, 0xb2, 0x5b, 0x41, 0xb3, 0x77, 0x83, 0x1b, 0xf7, 0xa1, 0xfa, 0x6a, 0xb5, 0x38, 0x48, 0x6b,
    0xd0, 0x7f, 0x03, 0x7c, 0x2c, 0x12, 0x82, 0x3b, 0x18, 0x13, 0xa1, 0x2e, 0x4b, 0xa4, 0x1c, 0x37,
    0xeb, 0xd5, 0xd3, 0xd2, 0xba, 0xdb, 0xd7, 0xab, 0xc3, 0x04, 0xa6, 0x25, 0x91, 0xc6, 0x61, 0xfd,
    0x55, 0x63, 0x3b, 0xa5, 0x58, 0x0f, 0x63, 0xfa, 0xa3, 0x40, 0x02, 0x41, 0x54, 0xfd, 0xee, 0xc8,
    0xad, 0xd1, 0xbc, 0xf5, 0xa3, 0xe7, 0xbd, 0xfd, 0xc1, 0x69, 0x6d, 0x93, 0x13, 0xdc, 0xc7, 0x30,
    0x4b, 0xa4, 0x1c, 0x37, 0xde, 0x15, 0x13, 0x2e, 0x04, 0x76, 0x5f, 0x06, 0x82, 0x92, 0x99, 0xb1,
    0x91, 0x16, 0x6c, 0x84, 0xa6, 0x62, 0xd6, 0x53, 0x0a, 0x6c, 0x6a, 0xb3, 0xa3, 0x40, 0x02, 0xd0,
    0xb1, 0x58, 0xe3, 0x26, 0x68, 0x15, 0xfa, 0x67, 0x06, 0x98, 0x51, 0x0f, 0x97, 0x33, 0x65, 0x4f,
    0x63, 0xa1, 0x57, 0x77, 0x4b, 0xa4, 0x1c, 0x37, 0x94, 0x00, 0x1b, 0xa1, 0xd7, 0xa4, 0xe4, 0x12,
    0xf0, 0x89, 0xc9, 0x9c, 0xe6, 0xb2, 0xa4, 0x39, 0x3c, 0x75, 0x57, 0xeb, 0xbc, 0x98, 0x89, 0x72,
    0xb3, 0x77, 0x83, 0xc8, 0x0e, 0xb4, 0xd7, 0xb4, 0x23, 0x89, 0xe3, 0xae, 0xf9, 0x90, 0xbe, 0x40,
    0x1c, 0x67, 0x89, 0x56, 0x03, 0x81, 0x73, 0x6d, 0x4b, 0xa4, 0x1c, 0x37, 0xb7, 0xd3, 0xc8, 0x88,
    0xde, 0x78, 0x72, 0xc8, 0xfc, 0xe4, 0x4e, 0xf9, 0x91, 0x06, 0xab, 0x78, 0xa5, 0x60, 0x07, 0x60,
    0x17, 0x5f, 0xb5, 0x85, 0xa3, 0x40, 0x02, 0x7d, 0xe8, 0x78, 0x4c, 0x83, 0x09, 0x0d, 0x88, 0xb1,
    0x90, 0xbf, 0x37, 0xbe, 0x30, 0x13, 0xfe, 0xf4, 0x45, 0x57, 0x40, 0x84, 0x4b, 0xa4, 0x1c, 0x37,
    0xc3, 0xd7, 0x95, 0x72, 0xb1, 0xa7, 0xf7, 0xd4, 0xbb, 0x72, 0x42, 0x85, 0x91, 0x46, 0xb0, 0xb2,
    0xf6, 0x5f, 0xa2, 0x0e, 0xc9, 0xbb, 0xbc, 0x3e, 0xa3, 0x40, 0x02, 0xb9, 0x58, 0x58, 0x5d, 0x54,
    0xdd, 0x14, 0x53, 0x82, 0xa3, 0xc0, 0xc2, 0xc1, 0xc5, 0x6a, 0xe9, 0x3c, 0x95, 0x1c, 0xd0, 0xca,
    0x4b, 0xa4, 0x1c, 0x37, 0xb6, 0x17, 0xd5, 0xcd, 0xfb, 0x41, 0x7f, 0x2f, 0x7a, 0x00, 0x36, 0x11,
    0x91, 0x96, 0xba, 0x39, 0x47, 0x5f, 0x3d, 0xbd, 0x7b, 0x18, 0xc4, 0xf7, 0xa3, 0x40, 0x02, 0x58,
    0xa2, 0x2f, 0x35, 0x3f, 0x98, 0x58, 0x90, 0xc4, 0x7d, 0xdc, 0x58, 0x21, 0x9b, 0x34, 0xe1, 0x08,
    0x90, 0xe5, 0xf6, 0xcc, 0x4b, 0xa4, 0x1c, 0x37, 0x6c, 0x02, 0xdd, 0x40, 0xce, 0x70, 0x04, 0x3c,
    0x39, 0x8e, 0x39, 0xb1, 0xe6, 0x32, 0xf3, 0x3e, 0x98, 0x5e, 0xd8, 0x6b, 0x2d, 0x75, 0xcb, 0xb0,
    0xb3, 0x77, 0x83, 0x50, 0xff, 0x8a, 0x29, 0xcd, 0x53, 0xcc, 0x79, 0xfe, 0x70, 0xd5, 0xc5, 0x52,
    0x71, 0xfe, 0xd8, 0xc4, 0xe0, 0xaa, 0x86, 0x13, 0x4b, 0xa4, 0x1c, 0x37, 0x5f, 0x42, 0x1c, 0xcc,
    0xa1, 0x9f, 0x89, 0x48, 0xa7, 0x85, 0x59, 0x88, 0xe6, 0x82, 0xfd, 0xc5, 0xe9, 0x5d, 0x73, 0x1a,
    0xdf, 0xa1, 0xea, 0x6f, 0xb3, 0x77, 0x83, 0xdf, 0x5c, 0xe6, 0x1d, 0x2b, 0x0e, 0x10, 0xb7, 0xad,
    0x5c, 0x1a, 0x57, 0xa6, 0xb5, 0xbf, 0xf0, 0x57, 0x80, 0x8a, 0xa2, 0x09, 0x4b, 0xa4, 0x1c, 0x37,
    0x82, 0x15, 0xca, 0xb3, 0xa8, 0x73, 0x17, 0x6e, 0xf4, 0x52, 0xeb, 0x58, 0x91, 0xd6, 0x03, 0xb5,
    0x97, 0x5c, 0x09, 0x78, 0x3a, 0x68, 0x16, 0x83, 0xa3, 0x40, 0x02, 0x94, 0x36, 0xab, 0x92, 0xf9,
    0xf4, 0x93, 0x5b, 0xb0, 0xf3, 0x48, 0xd0, 0x93, 0x0a, 0xde, 0x71, 0x6a, 0xc2, 0x60, 0x6f, 0x20,
    0x4b, 0xa4, 0x1c, 0x37, 0x51, 0xc4, 0x5f, 0x85, 0x7b, 0xa2, 0x9c, 0x7a, 0xb3, 0xe0, 0xee, 0xf8,
    0xe6, 0x62, 0x37, 0x6d, 0xe8, 0x5b, 0xa4, 0x26, 0xec, 0xc4, 0x1d, 0x3c, 0xb3, 0x77, 0x83, 0x39,
    0xa6, 0x8a, 0xa3, 0xca, 0x8b, 0x46, 0xef, 0x38, 0x0d, 0xfe, 0x36, 0x05, 0x9f, 0x35, 0x5d, 0xb2,
    0x12, 0x26, 0xff, 0x66, 0x4b, 0xa4, 0x1c, 0x37, 0x81, 0x59, 0xd6, 0xf8, 0xc5, 0x3c, 0x24, 0xd5,
    0x72, 0x6e, 0xd2, 0x70, 0x91, 0x66, 0x13, 0x76, 0x39, 0x5b, 0x3f, 0xd5, 0x9e, 0x21, 0x25, 0xf5,
    0xa3, 0x40, 0x02, 0x5f, 0x03, 0xe6, 0x97, 0x58, 0xc0, 0x64, 0x47, 0xa3, 0xe0, 0x65, 0xf1, 0xf6,
    0x75, 0xff, 0x54, 0x7e, 0x0d, 0xef, 0x25, 0x69, 0x4b, 0xa4, 0x1c, 0x37, 0x37, 0x44, 0xde, 0x6b,
    0x98, 0x6b, 0xa9, 0xe1, 0x31, 0xfc, 0xd5, 0x10, 0xe6, 0x02, 0x4c, 0x7b, 0x8a, 0x5a, 0xda, 0x83,
    0x50, 0x7e, 0x2c, 0xae, 0xb3, 0x77, 0x83, 0x57, 0x60, 0x41, 0x8c, 0xb6, 0x3e, 0x53, 0x4d, 0xfd,
    0xd3, 0x5e, 0x5e, 0xb8, 0x0a, 0x57, 0x40, 0xc6, 0x5d, 0xb4, 0xb5, 0xaf, 0x4b, 0xa4, 0x1c, 0x37,
    0x2a, 0x84, 0x1d, 0xc7, 0xe2, 0x05, 0x31, 0x3c, 0x9f, 0xf3, 0xf5, 0xe7, 0xe6, 0x52, 0x56, 0x02,
    0xdb, 0x59, 0x75, 0x32, 0x02, 0xab, 0x4b, 0x6d, 0xb3, 0x77, 0x83, 0xe6, 0xbd, 0x9c, 0x80, 0x14,
    0xf9, 0x96, 0x8a, 0x7c, 0x36, 0x0f, 0xf2, 0xc9, 0x8f, 0x8a, 0x64, 0xcd, 0xfd, 0x93, 0xd1, 0xa5,
    0x4b, 0xa4, 0x1c, 0x37, 0x4d, 0x57, 0xcb, 0xde, 0x72, 0x6e, 0xbc, 0xa3, 0xab, 0x4e, 0x7b, 0x44,
    0x91, 0xa6, 0x5c, 0xf1, 0x89, 0x58, 0x0b, 0xe0, 0xb0, 0x7a, 0xc6, 0xae, 0xa3, 0x40, 0x02, 0x9b,
    0x97, 0x61, 0xf5, 0xe2, 0xdf, 0x1a, 0x2f, 0x7f, 0xcd, 0x3d, 0x6b, 0x47, 0xa3, 0x36, 0xd9, 0x6b,
    0x3f, 0x6a, 0x9e, 0xbc, 0x4b, 0xa4, 0x1c, 0x37, 0x1c, 0x06, 0x61, 0xb0, 0x45, 0x9d, 0x41, 0xb0,
    0x6a, 0xdc, 0x7e, 0xe4, 0xe6, 0x32, 0x90, 0xa9, 0xda, 0x57, 0xa6, 0x8e, 0x62, 0xd7, 0xcd, 0x67,
    0xb3, 0x77, 0x83, 0x50, 0xf4, 0xbc, 0xe9, 0x70, 0xb3, 0x52, 0xa6, 0x17, 0x70, 0x87, 0xcf, 0xda,
    0x79, 0x00, 0xd1, 0x27, 0x8f, 0x2f, 0x2e, 0x03, 0x4b, 0xa4, 0x1c, 0x37, 0x4c, 0x9b, 0xd7, 0x23,
    0x8f, 0x37, 0xc9, 0x0a, 0x29, 0x6a, 0x62, 0x5c, 0x91, 0x36, 0x6c, 0xb2, 0x2b, 0x57, 0x41, 0x3d,
    0x14, 0x34, 0xd5, 0x20, 0xa3, 0x40, 0x02, 0x76, 0x51, 0x18, 0xde, 0xce, 0xab, 0xeb, 0x1a, 0x72,
    0xba, 0x5a, 0x8c, 0x1a, 0x4f, 0xca, 0xc8, 0xf3, 0x8a, 0xf8, 0x54, 0x05, 0x4b, 0xa4, 0x1c, 0x37,
    0x3f, 0xdb, 0x16, 0xaf, 0x62, 0x66, 0x4e, 0x17, 0xe8, 0xf7, 0x55, 0xe8, 0x91, 0x86, 0x76, 0x39,
    0x7c, 0x56, 0xdc, 0xeb, 0xc6, 0x90, 0xdc, 0xd9, 0xa3, 0x40, 0x02, 0x05, 0xae, 0x73, 0xd2, 0x2c,
    0x66, 0x2f, 0x58, 0xe4, 0x1d, 0x0b, 0x20, 0xbc, 0xe4, 0x21, 0xb4, 0x3b, 0xda, 0xbd, 0xe4, 0x4b,
    0x4b, 0xa4, 0x1c, 0x37, 0xf5, 0xc5, 0x1e, 0xf2, 0xac, 0x00, 0xd6, 0x71, 0x56, 0xef, 0x85, 0xd3,
    0xe6, 0x22, 0xaf, 0x3e, 0xcd, 0x55, 0x77, 0x9a, 0x78, 0xbd, 0xfb, 0x98, 0xb3, 0x77, 0x83, 0xfd,
    0x0b, 0xcf, 0xc6, 0xba, 0x21, 0xa3, 0x41, 0x5b, 0x99, 0x98, 0x8a, 0x9f, 0x69, 0x55, 0xd8, 0x42,
    0x7a, 0x9d, 0x00, 0x42, 0x4b, 0xa4, 0x1c, 0x37, 0x18, 0x99, 0xcc, 0x09, 0x3c, 0x69, 0x61, 0x49,
    0xa3, 0xbc, 0x17, 0xa4, 0x91, 0x76, 0xb5, 0x2d, 0x7b, 0x54, 0x0d, 0xf8, 0xd3, 0x83, 0x27, 0xac,
    0xa3, 0x40, 0x02, 0xb2, 0xe5, 0x93, 0x3b, 0x89, 0x07, 0x27, 0xe6, 0x2d, 0xa7, 0x32, 0x06, 0x6b,
    0x7d, 0x01, 0x4d, 0xe1, 0xbc, 0x73, 0xcd, 0x58, 0x4b, 0xa4, 0x1c, 0x37, 0xe7, 0x47, 0x62, 0xab,
    0x86, 0x03, 0xe9, 0xa3, 0x62, 0x4a, 0x1b, 0x44, 0xe6, 0x02, 0xe9, 0xe5, 0xcc, 0x53, 0xa8, 0xa6,
    0x85, 0xe0, 0x2e, 0x65, 0xb3, 0x77, 0x83, 0x57, 0x55, 0x73, 0x4c, 0x5a, 0x9e, 0xd9, 0x79, 0xe6,
    0x4a, 0x7c, 0x6a, 0xfe, 0x53, 0xcb, 0x44, 0x9d, 0x0c, 0x39, 0x5d, 0x9f, 0x4b, 0xa4, 0x1c, 0x37,
    0xda, 0x87, 0xa1, 0x36, 0x59, 0x32, 0x6e, 0xb0, 0x21, 0xd8, 0x0e, 0xd0, 0xe6, 0x52, 0xf3, 0x6c,
    0x1d, 0x53, 0x43, 0x55, 0x37, 0x3d, 0x36, 0x1e, 0xb3, 0x77, 0x83, 0xe6, 0xb2, 0xce, 0x40, 0xe8,
    0x96, 0xa2, 0x9a, 0x38, 0xad, 0x2c, 0xfe, 0x9f, 0xe8, 0x22, 0x30, 0xe5, 0x5c, 0xfe, 0xec, 0xe5,
    0x4b, 0xa4, 0x1c, 0x37, 0xcd, 0xc7, 0xe0, 0xc1, 0x2c, 0x61, 0xf3, 0xbc, 0xe0, 0x65, 0x02, 0x5c,
    0xe6, 0xa2, 0xfd, 0xf3, 0x6e, 0x52, 0xde, 0x03, 0xe9, 0x99, 0x3d, 0xd7, 0xb3, 0x77, 0x83, 0x75,
    0x0f, 0x2a, 0x35, 0x46, 0x51, 0xe6, 0xd7, 0x7a, 0x87, 0x48, 0x94, 0xff, 0xbe, 0xec, 0x27, 0xb1,
    0x57, 0xc7, 0x13, 0xe8, 0x4b, 0xa4, 0x1c, 0x37, 0xfd, 0x5c, 0x57, 0x35, 0x76, 0xfb, 0x7a, 0x17,
    0x4e, 0x5d, 0x12, 0x1f, 0x91, 0xa6, 0xd9, 0xfc, 0xbf, 0x51, 0x79, 0xb2, 0x9b, 0xc6, 0x5c, 0x96,
    0xa3, 0x40, 0x02, 0x9b, 0x6c, 0x85, 0x29, 0xa4, 0x49, 0x7f, 0x4c, 0x42, 0xe3, 0x44, 0x4c, 0xa3,
    0x43, 0x20, 0x4c, 0xb8, 0xf7, 0xa6, 0x2f, 0xde, 0x4b, 0xa4, 0x1c, 0x37, 0xe3, 0xda, 0xcd, 0x34,
    0x06, 0x64, 0x06, 0x7f, 0x5a, 0xb8, 0xa7, 0x8f, 0x91, 0x46, 0x0e, 0x6a, 0x6d, 0x50, 0x0f, 0x10,
    0xf6, 0x8c, 0x88, 0xa9, 0xa3, 0x40, 0x02, 0xb9, 0x46, 0x4a, 0x9e, 0x72, 0xf2, 0xad, 0xb9, 0x2c,
    0x0a, 0xbc, 0x9e, 0x40, 0x57, 0xcc, 0xc0, 0x56, 0x39, 0x7d, 0xfc, 0xf4, 0x4b, 0xa4, 0x1c, 0x37,
    0xb2, 0x89, 0x63, 0xd6, 0x50, 0xfe, 0x8d, 0xd9, 0x19, 0x46, 0xab, 0x2f, 0xe6, 0xd2, 0x41, 0x22,
    0xbe, 0x4f, 0xaa, 0xbe, 0xa8, 0xe9, 0x8f, 0x62, 0xb3, 0x77, 0x83, 0x6e, 0xa3, 0xa5, 0x92, 0x00,
    0xc6, 0xe5, 0x30, 0x95, 0x24, 0x71, 0x05, 0xb2, 0xec, 0x23, 0xac, 0x9e, 0x89, 0x42, 0x8c, 0x3b,
    0x4b, 0xa4, 0x1c, 0x37, 0xa5, 0xc9, 0xa2, 0x61, 0x23, 0x2d, 0x13, 0xe6, 0xd8, 0xd3, 0x9e, 0xbb,
    0xe6, 0x22, 0x4c, 0xa9, 0x0f, 0x4f, 0x45, 0x6d, 0x5a, 0x46, 0x97, 0x1b, 0xb3, 0x77, 0x83, 0xfd,
    0x00, 0x01, 0x87, 0x5e, 0x81, 0x29, 0x6e, 0x07, 0x87, 0x21, 0x99, 0xc3, 0xc2, 0xed, 0xa3, 0x5a,
    0xd9, 0x07, 0x1c, 0x82, 0x4b, 0xa4, 0x1c, 0x37, 0xd5, 0x5e, 0x19, 0xd5, 0x6d, 0xc7, 0x9a, 0x40,
    0x97, 0x61, 0x82, 0x33, 0x91, 0x26, 0x28, 0xb2, 0x60, 0x4e, 0xe0, 0x1b, 0x0c, 0xa3, 0x9e, 0xd4,
    0xa3, 0x40, 0x02, 0x23, 0x5d, 0x5c, 0x7b, 0xbc, 0x79, 0xc2, 0xe2, 0x91, 0x5a, 0x89, 0x53, 0xb5,
    0x98, 0xb7, 0x9b, 0x26, 0xd4, 0xd0, 0x42, 0x84, 0x4b, 0xa4, 0x1c, 0x37, 0x8b, 0x49, 0x21, 0x48,
    0x40, 0xf6, 0x1f, 0x4d, 0x05, 0x59, 0xb2, 0x1e, 0xe6, 0xc2, 0x60, 0xb7, 0xb1, 0x4d, 0x7b, 0xca,
    0xbe, 0xcf, 0xbd, 0x93, 0xb3, 0x77, 0x83, 0x1b, 0xba, 0xb7, 0x6f, 0x4a, 0x34, 0x36, 0xcc, 0xd8,
    0x4d, 0x82, 0xc0, 0x76, 0xdc, 0x78, 0xb3, 0xb9, 0x74, 0xb0, 0x5e, 0x7a, 0x4b, 0xa4, 0x1c, 0x37,
    0x71, 0xc7, 0x97, 0x47, 0xd0, 0x5e, 0xab, 0xb4, 0x11, 0xb4, 0x47, 0x8f, 0xe6, 0x62, 0x95, 0x24,
    0x5f, 0x4c, 0x11, 0x28, 0x19, 0x96, 0xe9, 0xa6, 0xb3, 0x77, 0x83, 0x39, 0x94, 0x7c, 0xe4, 0x18,
    0xdd, 0x64, 0x39, 0xc3, 0x74, 0xf9, 0x12, 0x14, 0xf0, 0x24, 0x28, 0x58, 0xb6, 0x86, 0x2b, 0x91,
    0x4b, 0xa4, 0x1c, 0x37, 0xba, 0x20, 0x9c, 0x19, 0x1a, 0xf9, 0x32, 0x0f, 0xd0, 0x41, 0x2b, 0x07,
    0x91, 0x56, 0x6c, 0xe0, 0xb0, 0x4b, 0xac, 0xd6, 0xcb, 0xf2, 0xf0, 0x5f, 0xa3, 0x40, 0x02, 0x0c,
    0x04, 0x5c, 0xf5, 0xe9, 0xee, 0xc1, 0x3b, 0xac, 0xf7, 0xb1, 0xc4, 0x67, 0xc6, 0xee, 0x1f, 0x14,
    0x06, 0x4c, 0xbb, 0xd7, 0x4b, 0xa4, 0x1c, 0x37, 0xad, 0x60, 0xdb, 0xa4, 0xed, 0x27, 0xb8, 0x1b,
    0x8f, 0xcf, 0x1e, 0x93, 0x91, 0xa6, 0x76, 0x67, 0x01, 0x4b, 0x47, 0x85, 0x7d, 0x4f, 0xf8, 0x18,
    0xa3, 0x40, 0x02, 0x9b, 0x61, 0xb7, 0xe9, 0x47, 0xa9, 0x05, 0x79, 0xee, 0xd1, 0xcd, 0x5a, 0xc7,
    0x9c, 0xb8, 0x17, 0xd0, 0x56, 0x11, 0x4b, 0x1e, 0x4b, 0xa4, 0x1c, 0x37, 0x63, 0x4b, 0xe3, 0xe7,
    0x37, 0xc2, 0x3f, 0xe6, 0x8f, 0xcf, 0x2e, 0xa7, 0xe6, 0x42, 0xaf, 0x6c, 0x52, 0x4a, 0xe2, 0x33,
    0x2f, 0xac, 0xff, 0xd1, 0xb3, 0x77, 0x83, 0x93, 0xbe, 0x12, 0xde, 0xd5, 0x64, 0x79, 0x62, 0x28,
    0xc4, 0xc6, 0xc7, 0x88, 0x31, 0x10, 0x03, 0x28, 0x51, 0xda, 0x71, 0x20, 0x4b, 0xa4, 0x1c, 0x37,
    0x93, 0xe0, 0x59, 0x8b, 0x0a, 0xf1, 0xc4, 0xf2, 0xfd, 0xc6, 0x3e, 0x6a, 0x91, 0x46, 0x8b, 0x75,
    0xa3, 0x49, 0x7d, 0x32, 0x34, 0xe2, 0x6d, 0xbf, 0xa3, 0x40, 0x02, 0xb9, 0x1b, 0x6e, 0xd2, 0x33,
    0x5c, 0x12, 0xd7, 0xef, 0x20, 0xc3, 0x7f, 0x2c, 0xb6, 0x43, 0x27, 0x2f, 0xf1, 0xb9, 0x8d, 0x16,
    0x4b, 0xa4, 0x1c, 0x37, 0x3c, 0x09, 0x99, 0x42, 0x11, 0xc5, 0x52, 0xa8, 0x09, 0x22, 0xe4, 0xee,
    0xe6, 0x32, 0xee, 0x60, 0x51, 0x48, 0x13, 0x90, 0x8f, 0xa8, 0x99, 0xd2, 0xb3, 0x77, 0x83, 0x50,
    0xe2, 0xae, 0x2a, 0x8f, 0xc8, 0xeb, 0x0c, 0xc2, 0xd7, 0x82, 0xab, 0xe9, 0xca, 0xef, 0x9b, 0xcd,
    0x33, 0x90, 0x5a, 0x2d, 0x4b, 0xa4, 0x1c, 0x37, 0x85, 0x62, 0x9d, 0x44, 0xe4, 0xf3, 0xd7, 0xb4,
    0xc8, 0xaf, 0xc7, 0x66, 0x91, 0x26, 0xc5, 0x1c, 0xa2, 0x47, 0xae, 0x3e, 0x41, 0x05, 0xa1, 0x8b,
    0xa3, 0x40, 0x02, 0x23, 0x52, 0x8e, 0x3b, 0x60, 0xd9, 0x48, 0x0f, 0x7b, 0xd1, 0xa6, 0x5f, 0x8b,
    0xa0, 0xb9, 0x93, 0x89, 0x83, 0x55, 0xea, 0x73, 0x4b, 0xa4, 0x1c, 0x37, 0x3b, 0x4d, 0xa5, 0xb7,
    0xb7, 0x22, 0x5d, 0xc1, 0x87, 0x3d, 0xcb, 0x06, 0xe6, 0xc2, 0xfd, 0x21, 0xf3, 0x46, 0x49, 0xed,
    0xf3, 0x61, 0xa8, 0x44, 0xb3, 0x77, 0x83, 0x1b, 0xaf, 0xe9, 0x2f, 0xee, 0x94, 0xbc, 0xf8, 0xb4,
    0xc4, 0x9f, 0xcc, 0x4c, 0x35, 0x11, 0x7f, 0xd1, 0xd3, 0x1a, 0x7a, 0xba, 0x4b, 0xa4, 0x1c, 0x37,
    0x6b, 0xe2, 0x1b, 0x2b, 0x01, 0xbd, 0xe4, 0x1b, 0x46, 0xcb, 0xae, 0x7e, 0x91, 0xc6, 0xd9, 0x7a,
    0xff, 0x32, 0xfe, 0xb2, 0xa5, 0xbe, 0xaf, 0xfd, 0xa3, 0x40, 0x02, 0x41, 0x0c, 0x45, 0x24, 0x4c,
    0x8c, 0x55, 0x6d, 0x0f, 0x0e, 0x73, 0x89, 0x8c, 0x0b, 0xdb, 0x76, 0x9d, 0xce, 0xe3, 0xa0, 0xbc,
    0x4b, 0xa4, 0x1c, 0x37, 0x00, 0x01, 0x00, 0x00, 0x95, 0x75, 0xc8, 0x33, 0xd9, 0x88, 0x54, 0xe3,
    0xbd, 0xa2, 0xf7, 0x30, 0x31, 0x05, 0xec, 0xcc, 0x0f, 0xf9, 0x57, 0x3d, 0xc0, 0xf7, 0x06, 0x7e,
    0x3d, 0xcd, 0x8f, 0xb0, 0xda, 0xb5, 0x26, 0x89, 0x87, 0xc2, 0x44, 0x68, 0x79, 0xcf, 0x43, 0xce,
    0x02, 0x04, 0x02, 0x02, 0x04, 0x04, 0x04, 0x04, 0x02, 0x04, 0x04, 0x04, 0x02, 0x04, 0x02, 0x02,
    0x02, 0x02, 0x02, 0x04, 0x04, 0x04, 0x04, 0x02, 0x02, 0x02, 0x04, 0x02, 0x02, 0x04, 0x02, 0x02,
    0x04, 0x02, 0x02, 0x02, 0x04, 0x04, 0x02, 0x04, 0x02, 0x02, 0x04, 0x04, 0x04, 0x02, 0x02, 0x04,
    0x04, 0x04, 0x04, 0x04, 0x04, 0x02, 0x04, 0x02, 0x02, 0x04, 0x04, 0x04, 0x04, 0x02, 0x04, 0x02,
    0x04, 0x02, 0x04, 0x04, 0x02, 0x04, 0x04, 0x02, 0x02, 0x02, 0x02, 0x02, 0x04, 0x04, 0x02, 0x02,
    0x02, 0x02, 0x02, 0x02, 0x04, 0x04, 0x04, 0x02, 0x02, 0x04, 0x04, 0x02, 0x02, 0x02, 0x02, 0x02,
    0x02, 0x02, 0x02, 0x02, 0x04, 0x02, 0x04, 0x04, 0x04, 0x02, 0x02, 0x04, 0x02, 0x04, 0x02, 0x04,
    0x04, 0x02, 0x04, 0x02, 0x02, 0x04, 0x02, 0x02, 0x02, 0x02, 0x02, 0x02, 0x04, 0x02, 0x04, 0x04,
    0x04, 0x02, 0x03, 0x04, 0x04, 0x04, 0x03, 0x04, 0x04, 0x03, 0x04, 0x03, 0x03, 0x04, 0xcc, 0xcc,
    0x61, 0x7e, 0x25, 0xbd, 0x5a, 0xe5, 0xf3, 0xf5, 0xb8, 0x24, 0x6d, 0x83, 0x9d, 0xa7, 0x64, 0x4e,
    0xa9, 0x43, 0x76, 0x48, 0x28, 0x77, 0x12, 0x3a, 0xef, 0x00, 0x46, 0xd9, 0x4a, 0x16, 0xf1, 0x34,
    0xb0, 0x61, 0xa5, 0x81, 0x0f, 0xb8, 0x08, 0xca, 0xa1, 0x9b, 0x16, 0x15, 0x62, 0xc0, 0xea, 0x72,
    0xfd, 0xfc, 0xed, 0x72, 0x4e, 0x3e, 0xb2, 0x31, 0xa3, 0x35, 0x3b, 0x21, 0xb8, 0xa2, 0xa4, 0xe7,
    0xb1, 0xd3, 0xec, 0x79, 0x7e, 0x26, 0xf2, 0x59, 0x1d, 0x3d, 0x5e, 0x36, 0x82, 0x05, 0x83, 0x73,
    0xb1, 0xcc, 0x18, 0xde, 0x35, 0xa1, 0x50, 0x6e, 0x64, 0xaa, 0x2c, 0xb2, 0x38, 0x81, 0xc5, 0x4f,
    0x0d, 0x4d, 0xcf, 0xfc, 0x80, 0xe8, 0xdf, 0x32, 0x4a, 0xae, 0x0d, 0xf8, 0xdc, 0x4a, 0x8c, 0xc1,
    0x30, 0x13, 0x25, 0xd7, 0x8a, 0x8f, 0x57, 0xc3, 0x14, 0x1b, 0xa2, 0x94, 0x5e, 0xab, 0x21, 0xc5,
    0xfd, 0x67, 0x5c, 0x24, 0x70, 0x27, 0xb6, 0x9e, 0x22, 0x05, 0xde, 0x99, 0xb4, 0x7f, 0xd4, 0x8e,
    0x19, 0x51, 0x36, 0x99, 0x53, 0x60, 0x14, 0xec, 0x4e, 0x85, 0x23, 0xd0, 0x78, 0xf3, 0x3c, 0x7f,
    0x3d, 0xb7, 0xa4, 0x19, 0xe4, 0x32, 0xe4, 0x65, 0x43, 0x9b, 0x5a, 0x42, 0x04, 0xdc, 0x43, 0x62,
    0x53, 0x0a, 0x38, 0xaf, 0x68, 0x7c, 0xcb, 0x94, 0xde, 0xe5, 0x6b, 0xbf, 0x44, 0x54, 0xbe, 0x28,
    0x43, 0x75, 0xe0, 0x61, 0x48, 0xdb, 0x4e, 0x6f, 0x79, 0x6f, 0xb1, 0xe3, 0x9b, 0xa4, 0x51, 0x43,
    0xc9, 0xfd, 0x44, 0x73, 0x68, 0xec, 0x62, 0x52, 0xd1, 0x4f, 0x11, 0x4e, 0x84, 0x6c, 0x55, 0x47,
    0x4f, 0xaa, 0x06, 0x33, 0x8c, 0x4a, 0x51, 0x51, 0x3e, 0x18, 0x46, 0xb3, 0xcc, 0xcc, 0xcc, 0xcc,
    0xec, 0x9e, 0x74, 0x0b, 0xd7, 0x78, 0xf5, 0x71, 0x47, 0x26, 0x44, 0x9e, 0xda, 0xf7, 0x31, 0xee,
    0x3b, 0x3e, 0xc4, 0x73, 0x88, 0x71, 0x76, 0x2b, 0x14, 0x66, 0x53, 0x36, 0x8e, 0xea, 0x6b, 0xc9,
    0xb0, 0xea, 0x7e, 0x6d, 0xd5, 0xde, 0xfa, 0x7b, 0x22, 0x0a, 0xca, 0xd2, 0xd9, 0x54, 0x3b, 0x9b,
    0x10, 0xe4, 0x7b, 0xe1, 0x23, 0x96, 0x50, 0xb4, 0xd2, 0x0f, 0x20, 0xf1, 0x1c, 0x77, 0x2b, 0xbf,
    0xe2, 0xd8, 0x0b, 0xf9, 0x31, 0x92, 0x78, 0xf3, 0xec, 0x9d, 0x92, 0xb5, 0xc8, 0x72, 0x19, 0xcb,
    0x5b, 0xad, 0x05, 0xb6, 0x18, 0x20, 0xb0, 0x1e, 0x8a, 0x72, 0xb3, 0x5f, 0x11, 0x59, 0x72, 0x90,
    0xf8, 0x13, 0xe9, 0x2e, 0xc2, 0xaa, 0x64, 0x09, 0xa1, 0xa4, 0xb5, 0x9a, 0x46, 0x31, 0x9e, 0xf2,
    0x4c, 0xd1, 0xca, 0x1e, 0x55, 0x96, 0x0d, 0xc0, 0x75, 0xc8, 0x35, 0xaa, 0x32, 0xab, 0xf4, 0xc8,
    0x45, 0xc5, 0x68, 0x93, 0x7a, 0x51, 0xc2, 0x2b, 0x4a, 0x0f, 0x3a, 0x1b, 0x95, 0x7f, 0xe6, 0x2a,
    0xbc, 0xa9, 0xcc, 0x4b, 0xc2, 0x54, 0xb2, 0x27, 0x68, 0xb5, 0xf4, 0xdb, 0x94, 0x0a, 0xf7, 0x4d,
    0xca, 0xfa, 0x2b, 0xa0, 0x64, 0xc7, 0xf9, 0x2b, 0x93, 0x67, 0xdd, 0x4a, 0x72, 0x95, 0xf1, 0xea,
    0x7d, 0xc8, 0x7a, 0x05, 0x6b, 0x2c, 0x19, 0x26, 0x1d, 0xd3, 0x76, 0x79, 0xc5, 0x7d, 0x1c, 0xe6,
    0x27, 0xf8, 0xab, 0xcf, 0x74, 0xbd, 0xbd, 0xfe, 0x1d, 0xbc, 0x9e, 0xb1, 0x45, 0x6d, 0xa4, 0x4e,
    0x63, 0xcb, 0xd2, 0x1b, 0x6a, 0xe4, 0x8e, 0x9c, 0xa0, 0x9a, 0x66, 0x75, 0xe9, 0x4e, 0x0c, 0xee,
    0xff, 0xff, 0xff, 0xff, 0xff, 0xff, 0xff, 0xff, 0xff, 0xff, 0xff, 0xff, 0x00, 0x00, 0x00, 0x00,
    0x00, 0x00, 0x00, 0x00, 0x00, 0x00, 0x00, 0x00, 0x01, 0x00, 0x00, 0x00, 0xff, 0xff, 0xff, 0xff,
    0x00, 0x00, 0x00, 0xfc, 0xff, 0xff, 0xff, 0xff, 0xff, 0xff, 0xff, 0xff, 0xff, 0xff, 0xff, 0x00,
    0x00, 0x00, 0x00, 0x00, 0x00, 0x00, 0x00, 0x00, 0x00, 0x00, 0x00, 0x01, 0x00, 0x00, 0x00, 0xff,
    0xff, 0xff, 0xff, 0x00, 0x00, 0x00, 0x01, 0x0d, 0x98, 0x43, 0xe6, 0x39, 0x46, 0x7d, 0x3a, 0x00,
    0xcc, 0x01, 0x82, 0xef, 0x1a, 0x1a, 0x82, 0x7b, 0x39, 0x34, 0x78, 0xf9, 0x2f, 0x6a, 0xf5, 0x5a,
    0x0b, 0xeb, 0xeb, 0xb0, 0x2d, 0x93, 0xa4, 0x00, 0x00, 0x00, 0x04, 0x1b, 0x9d, 0x5f, 0x6f, 0x2f,
    0x83, 0x5c, 0x78, 0xa4, 0x6c, 0xea, 0x84, 0xc8, 0x36, 0x7f, 0x35, 0x7b, 0xdf, 0xf4, 0xe9, 0xbd,
    0x06, 0xb7, 0x9a, 0x01, 0xcb, 0x3e, 0xb7, 0x6d, 0x01, 0xdf, 0x00, 0x00, 0x00, 0x8f, 0x9f, 0x60,
    0x26, 0x1d, 0x45, 0xe8, 0xe0, 0xd2, 0xb9, 0x90, 0x2b, 0x02, 0x11, 0x75, 0x38, 0xb8, 0xec, 0x68,
    0x1c, 0xbf, 0xb9, 0x32, 0x1f, 0x16, 0x50, 0x86, 0xcc, 0x17, 0xf5, 0x51, 0xc7, 0x00, 0x00, 0x00,
    0x88, 0x0a, 0x5b, 0x21, 0xa2, 0x47, 0x3e, 0xf6, 0x90, 0xe2, 0x97, 0x3f, 0x65, 0xc4, 0x67, 0x39,
    0x2c, 0xfd, 0x4d, 0x55, 0x83, 0xf8, 0x0d, 0xfd, 0xe8, 0x8a, 0xf5, 0x22, 0x52, 0xbd, 0x7b, 0x2a,
    0x00, 0x00, 0x00, 0x63, 0xbb, 0xd1, 0xa5, 0x77, 0x19, 0xaa, 0x13, 0x66, 0xda, 0xef, 0x6e, 0x77,
    0x1b, 0xd8, 0x19, 0x8a, 0xbe, 0x8e, 0x0f, 0xba, 0x13, 0xe8, 0x36, 0x4e, 0x0a, 0x92, 0x0a, 0x46,
    0xf6, 0x37, 0x3f, 0x00, 0x00, 0x00, 0x12, 0xd1, 0x86, 0x0c, 0xee, 0x81, 0x79, 0x26, 0x75, 0xd9,
    0x49, 0x2e, 0x7a, 0x4f, 0x28, 0x30, 0x68, 0x0b, 0x36, 0xb3, 0xe9, 0x91, 0x68, 0x3c, 0x20, 0xdc,
    0x4d, 0x20, 0x7d, 0xf4, 0xc1, 0x20, 0x00, 0x00, 0x00, 0x76, 0xd5, 0x90, 0x02, 0x2e, 0x50, 0xbb,
    0x2a, 0x63, 0x4d, 0xe3, 0xaa, 0x50, 0x25, 0x09, 0xef, 0x30, 0xaf, 0xc4, 0x81, 0x19, 0xcb, 0x91,
    0xf6, 0xc0, 0x53, 0xce, 0xef, 0x4b, 0x25, 0x0e, 0x72, 0x00, 0x00, 0x00, 0xcf, 0xa6, 0x13, 0x14,
    0x54, 0x36, 0xcf, 0x30, 0xbb, 0xfa, 0xe9, 0x29, 0x8b, 0x08, 0x4f, 0x64, 0x34, 0x01, 0x02, 0x14,
    0xd1, 0xae, 0x38, 0xa5, 0x43, 0xbf, 0x06, 0xb4, 0xa1, 0xc6, 0x1c, 0x6c, 0x00, 0x00, 0x00, 0xcc
};

static const unsigned char k_p6_parent_context_3[7856] __attribute__((aligned(4))) = {
    0xd9, 0x48, 0x61, 0x7c, 0x52, 0x97, 0xe7, 0x48, 0xd3, 0x6b, 0x29, 0x7d, 0x17, 0xb8, 0x4b, 0xdf,
    0xb1, 0xee, 0xc2, 0xce, 0xfd, 0xba, 0xce, 0xbe, 0xa3, 0xd5, 0x7c, 0x1b, 0x6b, 0x7b, 0x81, 0x6a,
    0xd9, 0x48, 0x61, 0x7c, 0xa2, 0xac, 0x6f, 0x1d, 0xdc, 0x0c, 0x50, 0x9b, 0x48, 0x54, 0x81, 0xec,
    0xb1, 0xee, 0xc2, 0xce, 0xab, 0x3e, 0x4b, 0x54, 0xc5, 0x66, 0x61, 0x65, 0x7f, 0x2b, 0xb2, 0xba,
    0x6b, 0x02, 0x29, 0x25, 0xdf, 0x2c, 0x0f, 0xe6, 0xa9, 0x55, 0xd2, 0x86, 0x5a, 0x37, 0x8b, 0x6a,
    0x78, 0x27, 0x90, 0x2b, 0xab, 0x3e, 0x4b, 0x54, 0x95, 0xb8, 0x71, 0xad, 0xd8, 0x1a, 0x54, 0xd5,
    0x40, 0xf7, 0xa7, 0xaf, 0x83, 0x16, 0x5c, 0x22, 0x8d, 0xba, 0xc2, 0x92, 0x8f, 0x71, 0x2e, 0xcd,
    0x38, 0x5f, 0xac, 0x23, 0xef, 0xc7, 0xbe, 0x20, 0x53, 0xff, 0x75, 0x0e, 0x29, 0xc8, 0x51, 0x53,
    0xb0, 0xbc, 0x6c, 0x88, 0x77, 0x79, 0xd5, 0x12, 0xd4, 0x86, 0x39, 0xca, 0x2f, 0xf8, 0x4c, 0xab,
    0x30, 0x6f, 0xb2, 0x36, 0x9b, 0x0a, 0x63, 0x2b, 0x54, 0x0a, 0xf9, 0xd5, 0x50, 0x1b, 0x88, 0x42,
    0x3b, 0xc3, 0x39, 0x26, 0x4c, 0x6c, 0x55, 0x76, 0xf8, 0x1d, 0xd1, 0x4d, 0x80, 0xea, 0xb0, 0x54,
    0x48, 0xe2, 0xcc, 0x54, 0x0b, 0xab, 0x84, 0x77, 0xda, 0x70, 0xcc, 0xa0, 0x40, 0x39, 0x85, 0xb4,
    0xaf, 0xfa, 0xb6, 0x8f, 0x09, 0x24, 0x58, 0x09, 0x4e, 0x61, 0xb7, 0xfc, 0xe8, 0x28, 0xc7, 0x95,
    0xfe, 0x44, 0xb5, 0xe6, 0x51, 0xf3, 0x0d, 0x8c, 0x15, 0xb8, 0xf5, 0x8f, 0x2e, 0xae, 0x74, 0x23,
    0x0c, 0x42, 0x71, 0x86, 0xb9, 0x7a, 0x7d, 0x64, 0x2e, 0xbc, 0xf1, 0x6d, 0x63, 0x33, 0x90, 0x8a,
    0x1e, 0xd6, 0x5d, 0xfa, 0xc8, 0xee, 0x95, 0x6e, 0xde, 0x74, 0xe8, 0xc1, 0x34, 0x0a, 0xfd, 0x71,
    0xf6, 0x66, 0xfa, 0xad, 0x25, 0x28, 0x6e, 0x49, 0xd4, 0xf5, 0x57, 0x50, 0x7d, 0x19, 0x77, 0x8e,
    0x5c, 0x2e, 0x16, 0x8e, 0x6f, 0x79, 0xf8, 0xc4, 0x75, 0xbb, 0x3f, 0x7c, 0x74, 0xba, 0xc9, 0x6e,
    0x28, 0x8e, 0xe4, 0xc0, 0x7a, 0x26, 0xbf, 0x08, 0x59, 0x0a, 0x35, 0x12, 0xb4, 0x4e, 0x27, 0x23,
    0xd0, 0xb7, 0xbf, 0x97, 0x17, 0xce, 0xe5, 0xe6, 0xf9, 0x56, 0x6a, 0x49, 0x55, 0xcd, 0x5e, 0xbc,
    0xd1, 0xb8, 0x37, 0x05, 0xef, 0x06, 0xa8, 0x1f, 0x80, 0x1a, 0x6d, 0x3b, 0xfa, 0xa0, 0xcd, 0x94,
    0x70, 0x3b, 0xa8, 0xee, 0x98, 0x0f, 0x97, 0xe5, 0xce, 0x67, 0x94, 0x17, 0x4c, 0x5c, 0x8a, 0x54,
    0x99, 0xdf, 0x6c, 0xf5, 0x44, 0xf1, 0xe9, 0x0f, 0x04, 0x79, 0xa8, 0x12, 0xa7, 0xd8, 0x5c, 0xd6,
    0x42, 0xf8, 0xd2, 0x94, 0x2a, 0x01, 0xbc, 0x9e, 0x95, 0x04, 0x9a, 0x1f, 0x67, 0x7e, 0x97, 0x24,
    0x4f, 0xae, 0xd5, 0x62, 0x87, 0x74, 0x03, 0xf0, 0x9b, 0x01, 0x98, 0xe6, 0xe5, 0xa6, 0x0a, 0x28,
    0x39, 0x96, 0x32, 0xe0, 0x93, 0x49, 0x84, 0x5f, 0x8a, 0xaf, 0x2a, 0xee, 0xf6, 0xda, 0x70, 0xe9,
    0x75, 0xf8, 0xf6, 0xbe, 0x2a, 0x69, 0x30, 0xe7, 0xdf, 0x98, 0xec, 0x54, 0x05, 0x5b, 0x46, 0x2f,
    0x11, 0x77, 0xbf, 0x21, 0x7c, 0x15, 0x45, 0xcb, 0x23, 0x18, 0x72, 0xa4, 0xe9, 0xdb, 0x44, 0x3e,
    0x54, 0x3c, 0x62, 0xa9, 0x3f, 0xbe, 0xc8, 0x35, 0x94, 0x21, 0x09, 0xd2, 0x5f, 0x08, 0xf9, 0x8a,
    0x8c, 0x39, 0xe5, 0x8e, 0x06, 0x7a, 0x9d, 0x38, 0x2e, 0xcd, 0xab, 0x91, 0x40, 0x67, 0xcc, 0xa7,
    0x6f, 0x4f, 0x84, 0xeb, 0x73, 0xab, 0xcf, 0x9d, 0x18, 0x1f, 0x3c, 0x9a, 0x66, 0x6c, 0x4a, 0xd0,
    0x4b, 0x07, 0x30, 0x49, 0xef, 0x79, 0xb4, 0x01, 0xd5, 0x5a, 0xf1, 0xca, 0x88, 0x56, 0x61, 0x70,
    0x53, 0x71, 0x17, 0x2b, 0xd0, 0x32, 0x4e, 0xc1, 0x80, 0x83, 0x3b, 0x72, 0x64, 0x92, 0xeb, 0x83,
    0xcc, 0x02, 0xf1, 0x19, 0x34, 0xf0, 0x9a, 0x1b, 0x79, 0xf1, 0x70, 0xe0, 0x8d, 0x63, 0x1c, 0xf0,
    0x8e, 0x5b, 0xec, 0xc7, 0xfe, 0x22, 0x41, 0x39, 0x16, 0x1c, 0x8f, 0x09, 0xcd, 0x6d, 0x42, 0xe6,
    0x4e, 0x34, 0x4d, 0x8f, 0x78, 0x13, 0x94, 0xb1, 0xe7, 0x4b, 0xb0, 0xc8, 0xf9, 0x27, 0x7d, 0x22,
    0x44, 0x0a, 0x28, 0x73, 0x54, 0xbb, 0x87, 0x69, 0x84, 0x0c, 0x38, 0x34, 0x05, 0xc6, 0xa5, 0x09,
    0xbd, 0xa6, 0x7b, 0x56, 0xf5, 0x77, 0x51, 0x97, 0xb4, 0x06, 0xdf, 0x42, 0xd0, 0xfe, 0xfb, 0x8b,
    0xb2, 0xce, 0xf5, 0x5e, 0x00, 0x00, 0x00, 0x00, 0x1d, 0x0a, 0x56, 0x9e, 0x0c, 0x10, 0x3d, 0x07,
    0xc5, 0x89, 0xcd, 0x4a, 0x43, 0xc1, 0x66, 0x85, 0x15, 0x16, 0x3d, 0x8d, 0x70, 0x1d, 0x0b, 0xc8,
    0xd7, 0x2c, 0x13, 0x1d, 0x31, 0xcf, 0x2b, 0x45, 0x72, 0x8c, 0x99, 0x01, 0xcd, 0xf6, 0xb4, 0x6b,
    0x88, 0x8e, 0x27, 0x78, 0xd3, 0xa7, 0x0d, 0x19, 0x57, 0xae, 0xf0, 0x54, 0xa9, 0x84, 0x54, 0xe8,
    0x3d, 0xc5, 0xd4, 0x73, 0xde, 0x87, 0xd9, 0xa3, 0x0b, 0x8e, 0x68, 0xf9, 0xcc, 0xc4, 0x43, 0x31,
    0x64, 0x38, 0xd5, 0x96, 0xd2, 0xdd, 0x9a, 0xca, 0x0c, 0xc8, 0x24, 0x63, 0xd5, 0xf6, 0x6b, 0x1d,
    0x7b, 0xe9, 0x6d, 0x8a, 0xde, 0x87, 0xd9, 0xa3, 0x9b, 0xdb, 0x48, 0xbb, 0xf4, 0x0d, 0xaa, 0x1a,
    0x47, 0x94, 0x92, 0x0f, 0x32, 0x6c, 0xda, 0x8e, 0xca, 0x31, 0xd6, 0x08, 0x3d, 0x5c, 0xf2, 0x42,
    0xf5, 0xda, 0x80, 0x44, 0xf6, 0xe6, 0x48, 0x1d, 0x1c, 0x2c, 0x98, 0x02, 0x4e, 0xee, 0x8a, 0x53,
    0x5c, 0x7d, 0xd0, 0x18, 0x0e, 0x0d, 0xfa, 0x8d, 0x6e, 0xe9, 0x21, 0x34, 0x0a, 0x2d, 0xfb, 0xe8,
    0xa8, 0xb2, 0x3b, 0x8c, 0xe0, 0x08, 0x6a, 0xc5, 0x9f, 0x40, 0x96, 0x7c, 0xca, 0xf1, 0x8c, 0xf8,
    0xa8, 0x8e, 0xff, 0x0e, 0x5a, 0xb6, 0xba, 0xa5, 0xf6, 0xe6, 0x48, 0xb9, 0xac, 0x3b, 0x68, 0x0c,
    0xba, 0x3b, 0x0e, 0xdf, 0xb5, 0x00, 0x47, 0x67, 0x70, 0x68, 0xe1, 0xc3, 0x83, 0x1c, 0x5c, 0x48,
    0x0a, 0x2d, 0xfb, 0xe8, 0xe5, 0x2b, 0x98, 0x8e, 0x7e, 0xd1, 0xeb, 0xe1, 0x0c, 0x15, 0x52, 0x6a,
    0xca, 0xa1, 0xa1, 0x64, 0x13, 0xc1, 0x0c, 0x6b, 0xcc, 0x98, 0x97, 0x55, 0xf6, 0xe6, 0x48, 0xe0,
    0x9f, 0x80, 0x18, 0x3b, 0xaf, 0x5d, 0x5c, 0xcb, 0xfe, 0x3f, 0x59, 0x4b, 0xd2, 0xc3, 0xc8, 0xc9,
    0x33, 0x86, 0xef, 0x5d, 0x0a, 0x2d, 0xfb, 0xe8, 0x22, 0xa5, 0xf4, 0x60, 0x17, 0x46, 0xc3, 0x97,
    0x79, 0xe9, 0x0d, 0x58, 0xca, 0x51, 0xb6, 0xd0, 0x7e, 0xf3, 0x19, 0xc7, 0x3e, 0x7b, 0x74, 0x05,
    0xf6, 0xe6, 0x48, 0x07, 0x92, 0xc5, 0xc8, 0x39, 0x37, 0x34, 0x87, 0xcc, 0x4c, 0xd3, 0x15, 0x46,
    0xa1, 0xf3, 0x6b, 0xbd, 0xe3, 0xef, 0x82, 0x73, 0x0a, 0x2d, 0xfb, 0xe8, 0xf2, 0x02, 0x77, 0xe3,
    0xb0, 0xba, 0x9a, 0x4d, 0x23, 0x6c, 0x3e, 0xca, 0x2f, 0x1b, 0x08, 0x22, 0x42, 0x4b, 0x6f, 0xab,
    0xb0, 0x2d, 0xff, 0x7b, 0x66, 0x19, 0x51, 0xa4, 0x85, 0x0a, 0x79, 0x68, 0xbf, 0x3a, 0xfb, 0xfb,
    0x30, 0x3f, 0xc8, 0x98, 0x40, 0xfd, 0xf7, 0x00, 0xa8, 0x77, 0x1d, 0x63, 0x0a, 0x2d, 0xfb, 0xe8,
    0xd9, 0xf2, 0xd5, 0x3a, 0x65, 0x2e, 0xe2, 0xad, 0x07, 0xe4, 0x74, 0xea, 0xca, 0x61, 0xd4, 0x6b,
    0x83, 0x7e, 0x2b, 0x15, 0xab, 0x32, 0x31, 0xd0, 0xf6, 0xe6, 0x48, 0x7c, 0x4b, 0xf8, 0xca, 0xb7,
    0x13, 0xa0, 0x1a, 0x12, 0xa5, 0xa7, 0xed, 0x32, 0xbc, 0x3e, 0x1e, 0x95, 0x61, 0x22, 0xe0, 0xec,
    0x0a, 0x2d, 0xfb, 0xe8, 0x8d, 0x97, 0x67, 0xac, 0xfe, 0xa2, 0xb9, 0x63, 0x74, 0xb8, 0x30, 0xd8,
    0xca, 0x21, 0x8b, 0x5b, 0xee, 0xb0, 0x38, 0x71, 0x1d, 0x15, 0x0e, 0x80, 0xf6, 0xe6, 0x48, 0x18,
    0xdb, 0x07, 0x9b, 0xc1, 0x7f, 0xed, 0x9d, 0xcd, 0x03, 0x7f, 0x0e, 0xe8, 0x1e, 0x9a, 0x05, 0xcb,
    0x76, 0x55, 0x1a, 0x01, 0x0a, 0x2d, 0xfb, 0xe8, 0xca, 0x10, 0xc4, 0xae, 0x9c, 0x6b, 0x3b, 0x80,
    0xe1, 0x8c, 0xec, 0xc5, 0xca, 0xd1, 0x9f, 0xc7, 0x59, 0xe3, 0x45, 0xcd, 0x8f, 0xf7, 0xea, 0x2f,
    0xf6, 0xe6, 0x48, 0xcf, 0x31, 0x82, 0x2b, 0xe5, 0x07, 0xc4, 0xc8, 0x9e, 0x4c, 0xbe, 0x20, 0x7c,
    0xed, 0xc9, 0xa8, 0xbe, 0x26, 0xbf, 0xad, 0x16, 0x0a, 0x2d, 0xfb, 0xe8, 0x9a, 0x6e, 0x46, 0x31,
    0x35, 0xe0, 0x12, 0x36, 0x4e, 0x61, 0x78, 0x2a, 0x2f, 0x9b, 0xf1, 0x18, 0x1d, 0x3b, 0x9b, 0xb1,
    0x01, 0xda, 0xc7, 0xdf, 0x66, 0x19, 0x51, 0x6c, 0x24, 0xc7, 0xdb, 0x13, 0x8f, 0xca, 0x3c, 0x3b,
    0xe5, 0x3d, 0xd8, 0xca, 0x4f, 0x25, 0x90, 0xc4, 0xd6, 0x28, 0x41, 0x2c, 0x0a, 0x2d, 0xfb, 0xe8,
    0x44, 0x03, 0x7d, 0x83, 0xd3, 0xa8, 0x94, 0x52, 0xf8, 0xe3, 0x08, 0xaf, 0xca, 0x31, 0xc9, 0x4f,
    0x88, 0x6d, 0xa8, 0x0d, 0x73, 0x8c, 0x52, 0x56, 0xf6, 0xe6, 0x48, 0x1d, 0x17, 0x0c, 0x8c, 0x42,
    0xf1, 0x07, 0x65, 0x3a, 0x2e, 0x7d, 0xea, 0xae, 0xee, 0x2e, 0x1c, 0x08, 0x9b, 0xb0, 0xdb, 0x1b,
    0x0a, 0x2d, 0xfb, 0xe8, 0x51, 0xbc, 0x27, 0x0b, 0x83, 0xc8, 0x31, 0x9c, 0x6f, 0x1a, 0x4f, 0x13,
    0x2f, 0xab, 0x0f, 0xb4, 0x22, 0xc6, 0xac, 0xff, 0x6e, 0x91, 0xb4, 0x39, 0x66, 0x19, 0x51, 0xe1,
    0xdd, 0xf9, 0xdd, 0x91, 0x6b, 0x36, 0xd0, 0xb0, 0x93, 0xa6, 0xff, 0x88, 0x6a, 0x03, 0x6e, 0xe0,
    0x54, 0xab, 0x34, 0x12, 0x0a, 0x2d, 0xfb, 0xe8, 0x05, 0x61, 0xb9, 0x7c, 0x1c, 0x3d, 0x09, 0x52,
    0xdc, 0xee, 0x0a, 0x01, 0x2f, 0x6b, 0xc6, 0xa3, 0x8d, 0xf8, 0xb9, 0x5b, 0xe0, 0x73, 0x91, 0xe9,
    0x66, 0x19, 0x51, 0x7d, 0x6d, 0x09, 0xae, 0x6b, 0x6a, 0x38, 0x30, 0x21, 0xec, 0x29, 0x76, 0x87,
    0x39, 0x33, 0x11, 0x04, 0x69, 0xde, 0x6e, 0x26, 0x0a, 0x2d, 0xfb, 0xe8, 0x42, 0xda, 0x15, 0x7f,
    0xba, 0x05, 0x8b, 0x6e, 0x49, 0xc3, 0xc6, 0xee, 0x2f, 0x1b, 0xdb, 0x0f, 0xf8, 0x2a, 0xc7, 0xb7,
    0x52, 0x56, 0x6e, 0x99, 0x66, 0x19, 0x51, 0xa4, 0x60, 0x4e, 0x5e, 0x9a, 0x5f, 0x5a, 0x7e, 0x3d,
    0x3a, 0xbd, 0x32, 0xd2, 0x9b, 0x8e, 0xf8, 0x09, 0x19, 0x48, 0x02, 0x3c, 0x0a, 0x2d, 0xfb, 0xe8,
    0xec, 0x6e, 0x4c, 0xa1, 0x53, 0x7a, 0x62, 0x24, 0xb6, 0x97, 0xb2, 0x65, 0xca, 0xb1, 0xb2, 0x46,
    0x63, 0x5d, 0xd4, 0x13, 0xc4, 0x38, 0x4b, 0x49, 0xf6, 0xe6, 0x48, 0x55, 0x53, 0x93, 0x0e, 0xc9,
    0xc1, 0x97, 0xa6, 0x79, 0x33, 0xbc, 0x9f, 0x4b, 0xfd, 0xe9, 0xdf, 0x0f, 0xc9, 0xb1, 0x95, 0x51,
    0x0a, 0x2d, 0xfb, 0xe8, 0x29, 0xe8, 0xa8, 0xa3, 0xf1, 0x42, 0xe4, 0x40, 0x60, 0x87, 0xe7, 0x1c,
    0xca, 0x61, 0xc7, 0xb2, 0xce, 0x8f, 0xe1, 0x6f, 0x36, 0xeb, 0xa5, 0x30, 0xf6, 0xe6, 0x48, 0x7c,
    0x46, 0xd8, 0xbe, 0xc7, 0x49, 0x6e, 0xd1, 0xdd, 0x77, 0xa7, 0x07, 0x79, 0x09, 0x35, 0xfc, 0xcc,
    0x29, 0x20, 0xf3, 0xd5, 0x0a, 0x2d, 0xfb, 0xe8, 0xa3, 0xbc, 0x2d, 0x7b, 0xa1, 0x62, 0x81, 0x3a,
    0x44, 0x92, 0x19, 0xf8, 0xca, 0xc1, 0xd0, 0xe1, 0x68, 0xe8, 0xe5, 0x61, 0x31, 0xf0, 0x07, 0x14,
    0xf6, 0xe6, 0x48, 0xca, 0x0c, 0xc6, 0x10, 0x17, 0x30, 0xb8, 0x16, 0xa4, 0x8c, 0x90, 0x77, 0xe8,
    0x85, 0x09, 0x4e, 0xd5, 0x47, 0xe4, 0xf2, 0xca, 0x0a, 0x2d, 0xfb, 0xe8, 0xea, 0x45, 0xe5, 0xcc,
    0x3f, 0x2b, 0x03, 0x57, 0xb1, 0x66, 0xa5, 0x5c, 0x2f, 0x9b, 0xc4, 0x06, 0xd3, 0x1a, 0xf3, 0xbd,
    0xa3, 0xd2, 0xe4, 0xc3, 0x66, 0x19, 0x51, 0x6c, 0xff, 0x0a, 0xc1, 0x45, 0x2f, 0xea, 0xbf, 0x0f,
    0x3a, 0xa8, 0x3d, 0x08, 0xe7, 0x64, 0x35, 0x0b, 0x5c, 0x17, 0x2d, 0xdf, 0x0a, 0x2d, 0xfb, 0xe8,
    0x94, 0xda, 0x1b, 0xef, 0xd8, 0x9f, 0xda, 0x0c, 0x1e, 0x3b, 0x91, 0xd3, 0xca, 0x31, 0x9c, 0x3d,
    0x3e, 0x4d, 0x00, 0x1a, 0x15, 0xb5, 0xc1, 0x73, 0xf6, 0xe6, 0x48, 0x1d, 0xf2, 0x4f, 0x71, 0x44,
    0x24, 0xdc, 0xc4, 0x30, 0x33, 0xa7, 0xaa, 0x81, 0x49, 0xc0, 0x1c, 0x11, 0x0c, 0x81, 0xc0, 0xf4,
    0x0a, 0x2d, 0xfb, 0xe8, 0xd1, 0x53, 0x78, 0xc1, 0x71, 0x14, 0xb2, 0xc2, 0x8b, 0x0f, 0x4d, 0xc1,
    0xca, 0xe1, 0xb0, 0xa9, 0xa9, 0x7f, 0x0d, 0x76, 0x87, 0x97, 0x9e, 0x23, 0xf6, 0xe6, 0x48, 0x44,
    0xe5, 0x94, 0x21, 0x73, 0x19, 0xfe, 0x12, 0x1d, 0x7c, 0xe6, 0xbc, 0x15, 0x18, 0xf0, 0xbf, 0x04,
    0xbc, 0xea, 0x53, 0x0a, 0x0a, 0x2d, 0xfb, 0xe8, 0xa1, 0xb1, 0xfa, 0x73, 0x0f, 0xdd, 0x33, 0xdf,
    0x35, 0xff, 0x51, 0xef, 0x2f, 0xab, 0x02, 0x4b, 0x14, 0xb2, 0x1a, 0xd2, 0xf9, 0x49, 0xf9, 0x0a,
    0x66, 0x19, 0x51, 0xe1, 0xd8, 0xd9, 0xd1, 0xa1, 0xa1, 0x04, 0x87, 0x7c, 0x15, 0x66, 0x74, 0x64,
    0xb7, 0x66, 0x20, 0xd4, 0x1c, 0x59, 0xb1, 0x8e, 0x0a, 0x2d, 0xfb, 0xe8, 0x1b, 0x86, 0x7f, 0x4b,
    0xbf, 0xfc, 0xd0, 0xd8, 0x19, 0x0a, 0x84, 0xca, 0x2f, 0x0b, 0x0c, 0x7a, 0xae, 0x0a, 0x1f, 0x34,
    0xe7, 0x47, 0xb8, 0x9f, 0x66, 0x19, 0x51, 0x2f, 0x9e, 0xc7, 0x23, 0xf1, 0x88, 0x4e, 0xcc, 0x42,
    0x2a, 0x4f, 0xe4, 0xd3, 0x33, 0x3b, 0x72, 0xdc, 0x3a, 0x1d, 0xb1, 0x83, 0x0a, 0x2d, 0xfb, 0xe8,
    0xcf, 0x2a, 0x11, 0xed, 0x5d, 0xc5, 0x52, 0x45, 0x19, 0x0a, 0x84, 0xca, 0x2f, 0xcb, 0xc2, 0x69,
    0x19, 0x3d, 0x2c, 0x90, 0x59, 0x2a, 0x95, 0x4f, 0x66, 0x19, 0x51, 0xcb, 0x2e, 0xd7, 0xf3, 0xca,
    0x87, 0x50, 0x2c, 0xb3, 0x83, 0xd2, 0x5a, 0x22, 0x95, 0x96, 0x59, 0x12, 0x4f, 0x50, 0xeb, 0x97,
    0x0a, 0x2d, 0xfb, 0xe8, 0x79, 0xbf, 0x47, 0x0f, 0xf6, 0x39, 0x2a, 0xfb, 0x86, 0xde, 0x6f, 0x41,
    0xca, 0x61, 0x9a, 0xa0, 0x84, 0x6f, 0x39, 0xec, 0xcb, 0x0c, 0x72, 0xff, 0xf6, 0xe6, 0x48, 0x7c,
    0x21, 0x1c, 0xa4, 0xf9, 0xe9, 0x8d, 0x54, 0x1f, 0x81, 0x25, 0x72, 0xb2, 0x64, 0xc6, 0xfc, 0x05,
    0xff, 0xb9, 0x7e, 0xad, 0x0a, 0x2d, 0xfb, 0xe8, 0xb6, 0x38, 0xa4, 0x11, 0x94, 0x02, 0xac, 0x17,
    0xf3, 0xb2, 0x2b, 0x2f, 0xca, 0x11, 0xaf, 0x0c, 0xef, 0xa1, 0x46, 0x48, 0x3d, 0xef, 0x4e, 0xaf,
    0xf6, 0xe6, 0x48, 0xa3, 0x14, 0x61, 0x54, 0x28, 0xde, 0xaf, 0xa2, 0x0b, 0xca, 0x64, 0x84, 0x96,
    0xc6, 0x21, 0xe4, 0x0b, 0xaf, 0x23, 0x12, 0xc3, 0x0a, 0x2d, 0xfb, 0xe8, 0x86, 0x96, 0x26, 0x94,
    0x2d, 0x77, 0x83, 0xcd, 0x9d, 0xa2, 0x30, 0x5d, 0x2f, 0xdb, 0x00, 0xae, 0x5a, 0xd4, 0x53, 0xa4,
    0xaf, 0xa1, 0xa9, 0x96, 0x66, 0x19, 0x51, 0x40, 0x07, 0xa6, 0x04, 0x27, 0xf9, 0x6a, 0xf3, 0x1f,
    0x5e, 0x90, 0x91, 0x7e, 0x65, 0x98, 0x44, 0xdb, 0x0f, 0x92, 0x6f, 0x47, 0x0a, 0x2d, 0xfb, 0xe8,
    0x6d, 0x86, 0x85, 0xeb, 0xe2, 0xea, 0xca, 0x2d, 0x81, 0xad, 0x92, 0xc1, 0xca, 0x21, 0xcd, 0xa7,
    0xf4, 0x2c, 0x58, 0x96, 0xaa, 0xa6, 0x0b, 0x7a, 0xf6, 0xe6, 0x48, 0x18, 0xcd, 0x93, 0x56, 0x76,
    0x4d, 0xd0, 0x12, 0x66, 0x28, 0x8d, 0x06, 0xea, 0xe1, 0x6c, 0x96, 0xe3, 0x2d, 0x56, 0x6f, 0x3c,
    0x0a, 0x2d, 0xfb, 0xe8, 0x21, 0x2b, 0x17, 0x5d, 0x7b, 0x5f, 0xa2, 0xe3, 0xee, 0x81, 0x4e, 0xaf,
    0xca, 0xe1, 0x83, 0x97, 0x5f, 0x5f, 0x65, 0xf2, 0x1c, 0x89, 0xe8, 0x29, 0xf6, 0xe6, 0x48, 0x44,
    0xc0, 0xd8, 0x06, 0xa5, 0xb9, 0x1d, 0x96, 0xf1, 0x81, 0x10, 0x7d, 0x38, 0x43, 0xc8, 0x7d, 0xe9,
    0xdd, 0xbf, 0x02, 0x52, 0x0a, 0x2d, 0xfb, 0xe8, 0x5e, 0xa4, 0x73, 0x2f, 0x14, 0xd4, 0x79, 0x99,
    0x5b, 0x56, 0x0a, 0x9d, 0xca, 0x91, 0x98, 0x03, 0xca, 0x91, 0x72, 0x4e, 0x8e, 0x6b, 0xc5, 0xd9,
    0xf6, 0xe6, 0x48, 0x6b, 0xb3, 0x1d, 0xb7, 0xd3, 0xae, 0x3f, 0xe4, 0xdd, 0xca, 0x4f, 0x8f, 0xcc,
    0x12, 0xf8, 0x20, 0x0d, 0xf2, 0xf2, 0x3c, 0x66, 0x0a, 0x2d, 0xfb, 0xe8, 0x2e, 0x02, 0xf6, 0xe1,
    0xb2, 0x9c, 0xfb, 0xb5, 0xc8, 0x2a, 0x96, 0x01, 0x2f, 0x5b, 0xea, 0xa4, 0x35, 0xc4, 0x7f, 0xaa,
    0x00, 0x4e, 0xa2, 0x89, 0x66, 0x19, 0x51, 0x08, 0xa6, 0x62, 0x67, 0xd2, 0xc9, 0xfa, 0x34, 0x8f,
    0x68, 0x23, 0xf1, 0x81, 0x74, 0x53, 0x08, 0x13, 0xa2, 0x5c, 0xd0, 0x7b, 0x0a, 0x2d, 0xfb, 0xe8,
    0x6b, 0x7b, 0x52, 0xb4, 0x4b, 0x11, 0xd3, 0x6b, 0x72, 0x1a, 0xcb, 0xb8, 0x2f, 0x0b, 0xff, 0x10,
    0xa0, 0xf6, 0x8c, 0x06, 0x72, 0x00, 0xfd, 0x70, 0x66, 0x19, 0x51, 0x2f, 0x99, 0xa7, 0x17, 0x01,
    0xbe, 0x1c, 0x83, 0x0e, 0xac, 0x0e, 0x59, 0xaf, 0x80, 0x9e, 0x24, 0xd0, 0x02, 0xcb, 0x2d, 0x00,
    0x0a, 0x2d, 0xfb, 0xe8, 0x52, 0x6b, 0xb1, 0x0b, 0x00, 0x85, 0x1a, 0xcc, 0x56, 0x25, 0x2d, 0x1d,
    0xca, 0x51, 0xcb, 0x0a, 0x3a, 0x4f, 0x91, 0xf8, 0x6d, 0x05, 0x5f, 0x54, 0xf6, 0xe6, 0x48, 0x07,
    0x5f, 0x95, 0x69, 0x50, 0x12, 0x82, 0xa2, 0x24, 0x71, 0xb7, 0x23, 0x04, 0x8f, 0x9e, 0xba, 0xea,
    0x20, 0x8f, 0x2d, 0xf5, 0x0a, 0x2d, 0xfb, 0xe8, 0x99, 0xf4, 0x68, 0x2d, 0x99, 0xf9, 0xf1, 0x81,
    0xc3, 0xf9, 0xb8, 0x81, 0x2f, 0x2b, 0xbf, 0x2f, 0xa5, 0x81, 0x9e, 0x54, 0xdf, 0xe7, 0x3b, 0x04,
    0x66, 0x19, 0x51, 0x19, 0xef, 0xa4, 0x39, 0x5a, 0x11, 0xb4, 0x4b, 0x90, 0x1f, 0xcf, 0xe9, 0xd3,
    0x5e, 0xce, 0x5d, 0xde, 0xd0, 0xf8, 0xc0, 0x0a, 0x0a, 0x2d, 0xfb, 0xe8, 0x43, 0x89, 0x9f, 0x4f,
    0x32, 0x6e, 0xc9, 0x37, 0x30, 0xce, 0xa4, 0xf8, 0xca, 0xc1, 0x96, 0x66, 0x10, 0xb4, 0xab, 0xb0,
    0x51, 0xca, 0x18, 0xb4, 0xf6, 0xe6, 0x48, 0xca, 0xe2, 0xe9, 0xe9, 0x58, 0x06, 0xa6, 0x50, 0xb1,
    0x18, 0xce, 0x56, 0x4d, 0xc0, 0x29, 0x45, 0x14, 0xe5, 0x2b, 0xfb, 0x1e, 0x0a, 0x2d, 0xfb, 0xe8,
    0x13, 0xe7, 0x21, 0x02, 0xd0, 0x36, 0x4b, 0x54, 0x9d, 0xa2, 0x30, 0x5d, 0x2f, 0x8b, 0xe8, 0x07,
    0x7b, 0xe6, 0xb8, 0x0c, 0xc3, 0xac, 0xf5, 0x63, 0x66, 0x19, 0x51, 0x67, 0xd5, 0x2e, 0x9a, 0x87,
    0x8e, 0xac, 0xc4, 0x4d, 0xb1, 0x4d, 0x0e, 0x9c, 0x22, 0x85, 0x2c, 0x1a, 0x95, 0x95, 0x8e, 0x34,
    0x0a, 0x2d, 0xfb, 0xe8, 0x50, 0x60, 0x7e, 0xd4, 0x69, 0xab, 0x22, 0x0a, 0x47, 0x92, 0x65, 0x14,
    0x2f, 0x3b, 0xfd, 0x73, 0xe6, 0x18, 0xc6, 0x68, 0x35, 0x5f, 0x50, 0x4b, 0x66, 0x19, 0x51, 0x8e,
    0xc8, 0x73, 0x4a, 0xb6, 0x83, 0xce, 0x12, 0xfd, 0xfa, 0x8c, 0x20, 0x30, 0x2e, 0xd0, 0x48, 0xd7,
    0xf5, 0x03, 0xec, 0xb8, 0x0a, 0x2d, 0xfb, 0xe8, 0x37, 0x50, 0xdd, 0x2b, 0x1e, 0x1f, 0x6a, 0xba,
    0xbe, 0xc8, 0x0b, 0x8b, 0xca, 0x81, 0xc9, 0x6d, 0x80, 0x71, 0xca, 0x5a, 0x30, 0x64, 0xb2, 0x2e,
    0xf6, 0xe6, 0x48, 0xf6, 0xf1, 0x96, 0x7c, 0x2a, 0xd7, 0x33, 0x32, 0x13, 0xbf, 0x35, 0xeb, 0x34,
    0xaa, 0xa4, 0x9a, 0xdf, 0x13, 0xc8, 0xeb, 0xad, 0x0a, 0x2d, 0xfb, 0xe8, 0x7e, 0xd9, 0x94, 0x4d,
    0xb7, 0x93, 0x41, 0x70, 0x2b, 0x9d, 0x97, 0xef, 0x2f, 0x5b, 0xbd, 0x92, 0xeb, 0xa3, 0xd7, 0xb6,
    0xa2, 0x46, 0x8f, 0xde, 0x66, 0x19, 0x51, 0x08, 0x81, 0xa6, 0x4c, 0x04, 0x69, 0x1a, 0xb8, 0x33,
    0x68, 0xf9, 0x06, 0xee, 0x0c, 0x00, 0x82, 0xe5, 0xc3, 0x31, 0x7f, 0xc3, 0x0a, 0x2d, 0xfb, 0xe8,
    0x28, 0x6e, 0xcb, 0x9f, 0x55, 0x5c, 0xc3, 0x8c, 0x98, 0x71, 0x83, 0x66, 0xca, 0xf1, 0x94, 0xc9,
    0x56, 0xd6, 0xe4, 0x12, 0x14, 0x29, 0x6c, 0x8e, 0xf6, 0xe6, 0x48, 0xb9, 0x74, 0xeb, 0xfc, 0x32,
    0xcb, 0x57, 0xe0, 0x9f, 0x66, 0x4c, 0x1e, 0xce, 0x6e, 0x5b, 0x69, 0x1b, 0xd8, 0x64, 0xb9, 0xd7,
    0x0a, 0x2d, 0xfb, 0xe8, 0x65, 0xe7, 0x27, 0x72, 0xee, 0xd0, 0x9a, 0x42, 0x05, 0x46, 0x3f, 0x54,
    0xca, 0xa1, 0xa9, 0x35, 0xc1, 0x08, 0xf2, 0x6e, 0x86, 0x0b, 0x49, 0x3e, 0xf6, 0xe6, 0x48, 0xe0,
    0x67, 0x30, 0xad, 0x61, 0xc0, 0x79, 0x2e, 0x8c, 0xaf, 0x8b, 0x30, 0x62, 0x3d, 0x8b, 0x0c, 0x0f,
    0x88, 0xce, 0x4c, 0xed, 0x0a, 0x2d, 0xfb, 0xe8, 0x35, 0x45, 0xaa, 0xf4, 0x87, 0x45, 0x72, 0xf8,
    0xaf, 0x35, 0x44, 0x82, 0x2f, 0x6b, 0xfb, 0x86, 0x85, 0x60, 0x47, 0xc3, 0xeb, 0xb6, 0x00, 0xd7,
    0x66, 0x19, 0x51, 0x7d, 0x5a, 0x75, 0x5d, 0x60, 0xdb, 0x34, 0x7f, 0xa0, 0x43, 0xb7, 0x3d, 0x4a,
    0xdc, 0x01, 0x6d, 0xde, 0xe8, 0x3c, 0xaa, 0x71, 0x0a, 0x2d, 0xfb, 0xe8, 0x1c, 0x35, 0x09, 0x4c,
    0x3c, 0xb9, 0xb9, 0x58, 0x93, 0x40, 0xa6, 0xe6, 0xca, 0xb1, 0xc7, 0xd0, 0xc6, 0x93, 0x03, 0x2d,
    0xe6, 0xbb, 0x62, 0xba, 0xf6, 0xe6, 0x48, 0x55, 0x20, 0x63, 0xaf, 0xaf, 0x2f, 0x9a, 0x9e, 0xb6,
    0x08, 0x60, 0x08, 0x4f, 0x58, 0xd6, 0xbe, 0xe6, 0x06, 0x01, 0xaa, 0x66, 0x0a, 0x2d, 0xfb, 0xe8,
    0x63, 0xbe, 0xc0, 0x6d, 0xd5, 0x2d, 0x91, 0x0e, 0x00, 0x15, 0x32, 0x4b, 0x2f, 0x8b, 0xbb, 0xa5,
    0x8a, 0xeb, 0x58, 0x11, 0x58, 0x9e, 0x3f, 0x6a, 0x66, 0x19, 0x51, 0x67, 0xb0, 0x72, 0x7f, 0xb9,
    0x2e, 0xcc, 0x47, 0x22, 0xb6, 0x77, 0xce, 0x6e, 0xba, 0x31, 0xa6, 0xec, 0xb6, 0x6a, 0x3d, 0x7c,
    0x0a, 0x2d, 0xfb, 0xe8, 0xa0, 0x37, 0x1d, 0x70, 0x73, 0xf6, 0x12, 0x2b, 0x6d, 0xe9, 0xed, 0x38,
    0x2f, 0x3b, 0xd0, 0x11, 0xf5, 0x1d, 0x66, 0x6d, 0xca, 0x80, 0x1c, 0x1a, 0x66, 0x19, 0x51, 0x8e,
    0xa3, 0xb7, 0x2f, 0xe8, 0x23, 0xee, 0x95, 0x0e, 0xff, 0xb6, 0xe0, 0x02, 0x89, 0x61, 0x49, 0x10,
    0xcb, 0x9d, 0x77, 0x90, 0x0a, 0x2d, 0xfb, 0xe8, 0xdd, 0xb0, 0x79, 0x42, 0x0c, 0x6b, 0xea, 0xe0,
    0xda, 0xbd, 0xa9, 0x26, 0x2f, 0xeb, 0xe4, 0x7d, 0x60, 0x50, 0x73, 0xc9, 0x3c, 0x63, 0xf9, 0xc9,
    0x66, 0x19, 0x51, 0x45, 0xf9, 0x31, 0xc0, 0x0b, 0xab, 0xc4, 0xc0, 0x0f, 0x4d, 0x4a, 0x9d, 0x4d,
    0xeb, 0xbc, 0x30, 0x16, 0x7b, 0x07, 0x0b, 0xa6, 0x0a, 0x2d, 0xfb, 0xe8, 0x87, 0x45, 0xb0, 0x94,
    0xaa, 0x33, 0x6c, 0xfd, 0x84, 0xad, 0x0e, 0x67, 0xca, 0x81, 0xbc, 0xb4, 0xcb, 0x82, 0x80, 0x25,
    0xae, 0x15, 0x54, 0xb1, 0xf6, 0xe6, 0x48, 0xf6, 0xec, 0x76, 0x70, 0x3a, 0x0d, 0x02, 0xe9, 0xde,
    0x41, 0xf5, 0x5f, 0x60, 0x8a, 0x33, 0x91, 0xe5, 0xdb, 0x75, 0x68, 0x2a, 0x0a, 0x2d, 0xfb, 0xe8,
    0x01, 0x1a, 0x35, 0x6c, 0x5a, 0x53, 0x09, 0x47, 0xfb, 0xe3, 0x84, 0x54, 0xca, 0xe1, 0xc5, 0x33,
    0x0c, 0xb6, 0x3c, 0x8f, 0xa9, 0x1a, 0xb6, 0x94, 0xf6, 0xe6, 0x48, 0x44, 0xb2, 0x64, 0xc2, 0x89,
    0xf4, 0x4b, 0x2e, 0xa5, 0x56, 0xde, 0xcf, 0xcf, 0x06, 0x08, 0xe3, 0xed, 0xf9, 0x39, 0x68, 0x1f,
    0x0a, 0x2d, 0xfb, 0xe8, 0x48, 0xa3, 0xec, 0x8d, 0xf3, 0xc7, 0xe0, 0xfc, 0x68, 0xb8, 0x10, 0xb9,
    0x2f, 0xbb, 0xb9, 0x08, 0xd0, 0x0d, 0x92, 0x73, 0x1b, 0xfd, 0x92, 0x44, 0x66, 0x19, 0x51, 0x56,
    0x42, 0x74, 0x92, 0x93, 0xf3, 0x7d, 0xd7, 0xe0, 0xff, 0xa1, 0xeb, 0x38, 0xd5, 0x37, 0x86, 0xe1,
    0xa9, 0xa3, 0xfb, 0x34, 0x0a, 0x2d, 0xfb, 0xe8, 0x85, 0x1c, 0x49, 0x90, 0x91, 0x90, 0x62, 0x19,
    0xd5, 0x8c, 0xcc, 0xa6, 0x2f, 0x6b, 0xce, 0x74, 0x3b, 0x40, 0x9f, 0xcf, 0x8d, 0xdf, 0x6f, 0xf4,
    0x66, 0x19, 0x51, 0x7d, 0x35, 0xb9, 0x42, 0x92, 0x7b, 0x54, 0x02, 0xe2, 0x4d, 0x35, 0xa8, 0x83,
    0x37, 0x93, 0x6d, 0x17, 0xbe, 0xd6, 0x35, 0x49, 0x0a, 0x2d, 0xfb, 0xe8, 0x2f, 0xb1, 0x7f, 0xb2,
    0x2a, 0x05, 0x3a, 0xcf, 0x42, 0x61, 0xb8, 0x1d, 0xca, 0x01, 0xa6, 0xab, 0xa6, 0x72, 0xac, 0x2b,
    0xff, 0xc1, 0x4c, 0xa4, 0xf6, 0xe6, 0x48, 0x2e, 0x28, 0xfe, 0xf2, 0xc0, 0xdd, 0x91, 0x2a, 0x1e,
    0x46, 0x34, 0x15, 0xfd, 0x99, 0xee, 0x54, 0x1d, 0x6e, 0x40, 0xc9, 0x5e, 0x0a, 0x2d, 0xfb, 0xe8,
    0xff, 0x0e, 0x02, 0x65, 0xc8, 0xcd, 0xbb, 0xeb, 0xec, 0x50, 0xbd, 0x4b, 0x2f, 0xcb, 0xf7, 0x4c,
    0x11, 0xa5, 0xb9, 0x87, 0x71, 0x74, 0xa7, 0x8b, 0x66, 0x19, 0x51, 0xcb, 0x1b, 0x43, 0xa3, 0xbf,
    0xf8, 0x4c, 0x7b, 0x32, 0xda, 0x5f, 0x22, 0x95, 0xa5, 0x39, 0x71, 0xda, 0xce, 0xae, 0x26, 0xe3,
    0x0a, 0x2d, 0xfb, 0xe8, 0x79, 0xe3, 0x86, 0x3c, 0x78, 0xed, 0x58, 0xe5, 0xd0, 0x5b, 0xef, 0x26,
    0x2f, 0x2b, 0x01, 0x7c, 0xab, 0xfd, 0xbd, 0x79, 0x6c, 0x79, 0x09, 0x6f, 0x66, 0x19, 0x51, 0x19,
    0xe1, 0x30, 0xf5, 0x0e, 0xdf, 0x96, 0xc0, 0x28, 0xf4, 0x9c, 0x3c, 0xbb, 0xb4, 0x39, 0x07, 0xf5,
    0xec, 0x72, 0x26, 0xd8, 0x0a, 0x2d, 0xfb, 0xe8, 0x9a, 0xa3, 0xf2, 0x2d, 0x16, 0xb6, 0xda, 0x01,
    0x3d, 0x30, 0xdb, 0x9d, 0xca, 0xd1, 0x7a, 0x36, 0x16, 0x30, 0xcb, 0xd5, 0xde, 0x5b, 0xe6, 0x1e,
    0xf6, 0xe6, 0x48, 0xcf, 0xd4, 0x75, 0xa5, 0x3d, 0xb8, 0xff, 0x1d, 0x04, 0xfd, 0xdf, 0x0d, 0x4f,
    0x83, 0x69, 0xaa, 0xe8, 0x9c, 0xdc, 0xb9, 0xed, 0x0a, 0x2d, 0xfb, 0xe8, 0xd7, 0x1c, 0x4f, 0x00,
    0xaf, 0x2a, 0xb2, 0xb7, 0xaa, 0x04, 0x97, 0x8b, 0xca, 0x81, 0x8f, 0xa2, 0x81, 0x62, 0xd8, 0x31,
    0x50, 0x3e, 0xc3, 0xce, 0xf6, 0xe6, 0x48, 0xf6, 0xc7, 0xba, 0x55, 0x6c, 0xad, 0x21, 0x6c, 0xf0,
    0x46, 0x1f, 0x20, 0x33, 0xe5, 0xc4, 0x91, 0xee, 0x4c, 0x46, 0x4d, 0x03, 0x0a, 0x2d, 0xfb, 0xe8,
    0xa7, 0x7a, 0xd1, 0x82, 0x48, 0x9f, 0x89, 0x6d, 0x17, 0xd9, 0x22, 0xf0, 0x2f, 0x4b, 0xe1, 0x43,
    0xec, 0x94, 0xe5, 0x8d, 0xc2, 0x20, 0xa0, 0x7e, 0x66, 0x19, 0x51, 0x93, 0xba, 0xff, 0x05, 0x6b,
    0xc8, 0xdc, 0xbc, 0xa1, 0xe4, 0xf2, 0x81, 0x98, 0xb4, 0xf4, 0x34, 0x12, 0x61, 0x79, 0x87, 0x17,
    0x0a, 0x2d, 0xfb, 0xe8, 0x51, 0x0f, 0x08, 0xd5, 0xe6, 0x67, 0x0b, 0x8a, 0xc1, 0xc8, 0x87, 0x30,
    0xca, 0xe1, 0xb8, 0x7a, 0x57, 0xc7, 0xf2, 0xe9, 0x34, 0xd3, 0xfa, 0x65, 0xf6, 0xe6, 0x48, 0x44,
    0xad, 0x44, 0xb6, 0x99, 0x2a, 0x1a, 0xe5, 0x70, 0xd8, 0x9d, 0x44, 0xab, 0x53, 0x6b, 0x95, 0xe1,
    0xc1, 0xe7, 0xe4, 0x9b, 0x0a, 0x2d, 0xfb, 0xe8, 0x5e, 0xc8, 0xb2, 0x5c, 0x96, 0x87, 0xa8, 0xd3,
    0x38, 0xff, 0xcd, 0x94, 0x2f, 0x5b, 0xff, 0xde, 0xf1, 0x1f, 0xf7, 0xdb, 0x2f, 0xd8, 0x5c, 0x49,
    0x66, 0x19, 0x51, 0x08, 0x73, 0x32, 0x08, 0xe9, 0xa4, 0x48, 0x50, 0xe7, 0x3d, 0xc7, 0x59, 0x85,
    0xcf, 0x3f, 0xe7, 0xe9, 0xdf, 0xab, 0xe4, 0x90, 0x0a, 0x2d, 0xfb, 0xe8, 0x7f, 0x88, 0x1e, 0x4e,
    0x34, 0x50, 0x2a, 0xf0, 0xa5, 0xd3, 0xb9, 0x0b, 0xca, 0x01, 0x79, 0x99, 0x5c, 0x52, 0x04, 0xa8,
    0x94, 0xb3, 0x96, 0xaa, 0xf6, 0xe6, 0x48, 0x2e, 0x03, 0x42, 0xd8, 0xf2, 0x7d, 0xb1, 0xad, 0xf2,
    0x4b, 0x5e, 0xd5, 0xcf, 0x31, 0x9b, 0xce, 0xef, 0x8f, 0x15, 0x78, 0xa6, 0x0a, 0x2d, 0xfb, 0xe8,
    0x4f, 0xe6, 0xa0, 0xd0, 0xcd, 0xc4, 0x01, 0xa6, 0x12, 0xa8, 0x45, 0x70, 0x2f, 0xcb, 0xca, 0x3a,
    0xc7, 0x84, 0x11, 0x04, 0x06, 0x96, 0x73, 0x5a, 0x66, 0x19, 0x51, 0xcb, 0xf6, 0x86, 0x88, 0xf1,
    0x98, 0x6c, 0xfe, 0x73, 0xe4, 0xdd, 0x8c, 0x1e, 0x93, 0xf6, 0xb5, 0xf5, 0x3f, 0x7f, 0x0b, 0xbc,
    0x0a, 0x2d, 0xfb, 0xe8, 0xf9, 0x7a, 0xd7, 0x22, 0x6b, 0x8d, 0x83, 0xc2, 0x7f, 0x7c, 0x31, 0xe7,
    0xca, 0x61, 0xa2, 0x71, 0x32, 0xb7, 0x1e, 0x60, 0x78, 0x78, 0x50, 0x0a, 0xf6, 0xe6, 0x48, 0x7c,
    0xe9, 0xcb, 0x38, 0x20, 0xfa, 0xa9, 0x26, 0xb0, 0xdd, 0xdc, 0xf9, 0x47, 0x62, 0x26, 0x59, 0x19,
    0x54, 0xb2, 0x45, 0xd0, 0x0a, 0x2d, 0xfb, 0xe8, 0xc0, 0x8a, 0xc2, 0xe1, 0x75, 0x27, 0x37, 0x8e,
    0xe7, 0xd4, 0xf3, 0x6a, 0x91, 0xf6, 0xee, 0xfa, 0x30, 0x88, 0xe3, 0x80, 0x15, 0x28, 0x51, 0xcf,
    0xa3, 0x40, 0x02, 0x2a, 0x3c, 0x75, 0xb4, 0xed, 0xf8, 0x5f, 0x9f, 0x87, 0xcc, 0x16, 0x0f, 0x38,
    0x2f, 0x4e, 0x55, 0x11, 0xd4, 0x77, 0x1a, 0x07, 0x4b, 0xa4, 0x1c, 0x37, 0xcc, 0x8e, 0x8f, 0xcb,
    0x48, 0x56, 0xbc, 0x9a, 0xa6, 0x62, 0xe7, 0xf6, 0x91, 0x36, 0xf4, 0x34, 0x81, 0x87, 0x7e, 0x2f,
    0xc7, 0x84, 0x58, 0x88, 0xa3, 0x40, 0x02, 0x76, 0x99, 0xd0, 0xa8, 0x4b, 0xcc, 0x67, 0x6a, 0x58,
    0xdf, 0x17, 0x9a, 0xab, 0x05, 0x18, 0x4d, 0xdd, 0xcf, 0x40, 0x41, 0x09, 0x4b, 0xa4, 0x1c, 0x37,
    0xbf, 0xce, 0xce, 0x26, 0x92, 0xf0, 0x43, 0xf5, 0x65, 0xf0, 0xda, 0x82, 0x91, 0x86, 0xfe, 0xbb,
    0xd2, 0x86, 0x19, 0xde, 0x79, 0xe1, 0x5f, 0x41, 0xa3, 0x40, 0x02, 0x05, 0xf6, 0x2b, 0x9d, 0xa9,
    0x87, 0xab, 0xa7, 0x9a, 0xb9, 0x33, 0x30, 0x0b, 0xdb, 0xe1, 0x44, 0x99, 0x1f, 0x06, 0xd1, 0x4f,
    0x4b, 0xa4, 0x1c, 0x37, 0xb2, 0x0e, 0x0e, 0xb2, 0x65, 0x1f, 0xc9, 0x01, 0x24, 0x7e, 0xce, 0x0e,
    0x91, 0xd6, 0x08, 0x43, 0x23, 0x86, 0xb4, 0x8c, 0x2b, 0x3e, 0x67, 0xfa, 0xa3, 0x40, 0x02, 0x94,
    0x53, 0x87, 0x91, 0x37, 0x7f, 0x74, 0xc8, 0xec, 0x1c, 0xe4, 0xc3, 0xac, 0x70, 0x39, 0x30, 0xe1,
    0x6f, 0xcb, 0x60, 0x96, 0x4b, 0xa4, 0x1c, 0x37, 0x68, 0xf9, 0x15, 0xf5, 0xaf, 0xb9, 0x50, 0x5c,
    0x92, 0xb6, 0x70, 0x06, 0xe6, 0x72, 0x41, 0x48, 0x74, 0x85, 0x4f, 0x3b, 0xdd, 0x6a, 0xb6, 0x4e,
    0xb3, 0x77, 0x83, 0x8c, 0xb0, 0xe2, 0x85, 0x95, 0xfd, 0x62, 0xce, 0x83, 0x08, 0x29, 0x55, 0x70,
    0xf5, 0xad, 0xc6, 0xf4, 0x0f, 0x5b, 0xb7, 0xfc, 0x4b, 0xa4, 0x1c, 0x37, 0x8b, 0xcc, 0xc3, 0x0c,
    0x3f, 0x22, 0xdc, 0x33, 0xdf, 0x42, 0x90, 0xca, 0x91, 0xc6, 0x47, 0x37, 0x22, 0x84, 0xe5, 0x98,
    0x38, 0x31, 0xb2, 0xcc, 0xa3, 0x40, 0x02, 0x41, 0x8a, 0xa7, 0xfa, 0x63, 0xe3, 0xe6, 0x72, 0x86,
    0x2f, 0xa0, 0xa7, 0x0d, 0x09, 0x19, 0xc9, 0x86, 0x51, 0x81, 0x49, 0xa3, 0x4b, 0xa4, 0x1c, 0x37,
    0x97, 0xd0, 0x90, 0xc6, 0x89, 0xbc, 0x63, 0x8e, 0x9e, 0xd0, 0x83, 0x56, 0x91, 0x06, 0x4d, 0x71,
    0x73, 0x83, 0x80, 0x47, 0xea, 0x8d, 0xb9, 0x85, 0xa3, 0x40, 0x02, 0x7d, 0xfa, 0x86, 0x0b, 0x65,
    0xf4, 0x73, 0x21, 0x07, 0xb9, 0x0c, 0x35, 0xcf, 0xdf, 0xe2, 0xc0, 0x52, 0x4c, 0x4a, 0x70, 0xa5,
    0x4b, 0xa4, 0x1c, 0x37, 0x8a, 0x10, 0xd0, 0x51, 0x5c, 0xeb, 0xe8, 0x9a, 0x5d, 0x5e, 0x77, 0xe2,
    0x91, 0x56, 0x57, 0xf8, 0xc4, 0x82, 0x1b, 0xf6, 0x9c, 0xea, 0xc0, 0x3e, 0xa3, 0x40, 0x02, 0x0c,
    0x57, 0xe2, 0xff, 0xc2, 0xaf, 0xb7, 0x5e, 0x79, 0x1c, 0xbd, 0xc8, 0x70, 0x74, 0x3a, 0xac, 0x9a,
    0x9c, 0x0f, 0x00, 0xec, 0x4b, 0xa4, 0x1c, 0x37, 0x40, 0xfb, 0xd7, 0xc4, 0x2f, 0x1a, 0x6e, 0xa7,
    0x1c, 0xec, 0x7a, 0x82, 0xe6, 0xf2, 0x8f, 0xfd, 0x15, 0x82, 0xb6, 0xa4, 0x4e, 0x47, 0xc8, 0xf7,
    0xb3, 0x77, 0x83, 0x04, 0xb4, 0x3d, 0xf4, 0x20, 0x2d, 0xa6, 0x64, 0xd3, 0x0f, 0xb6, 0x35, 0xa2,
    0x4a, 0x04, 0xa4, 0x56, 0xec, 0xd4, 0x8f, 0x32, 0x4b, 0xa4, 0x1c, 0x37, 0x70, 0x90, 0x4e, 0x38,
    0x79, 0xb4, 0xf5, 0x01, 0x8a, 0x24, 0xfd, 0x51, 0x91, 0xf6, 0x6b, 0x06, 0x66, 0x81, 0x51, 0x53,
    0x00, 0x74, 0x17, 0x4c, 0xa3, 0x40, 0x02, 0x2a, 0x11, 0x99, 0xe8, 0xae, 0x62, 0xc4, 0xbc, 0x4a,
    0x52, 0xd5, 0x16, 0x04, 0x8e, 0x06, 0x2e, 0xf6, 0x8c, 0x64, 0xe6, 0x98, 0x4b, 0xa4, 0x1c, 0x37,
    0x19, 0xb9, 0x8d, 0x1f, 0x09, 0x1d, 0x81, 0x69, 0x96, 0x7f, 0xa2, 0xd6, 0xe6, 0xe2, 0xce, 0xf1,
    0x14, 0x80, 0xe7, 0xb0, 0x5b, 0x3a, 0x43, 0x5f, 0xb3, 0x77, 0x83, 0xc1, 0xd8, 0xd9, 0x40, 0x0a,
    0xce, 0x9d, 0xf2, 0x1c, 0x09, 0x95, 0x42, 0x31, 0xe3, 0x24, 0xaf, 0x08, 0xce, 0x3a, 0xb3, 0xaf,
    0x4b, 0xa4, 0x1c, 0x37, 0x25, 0xbd, 0x5a, 0xd9, 0x53, 0xb7, 0x08, 0xc4, 0x55, 0x0d, 0x96, 0x62,
    0xe6, 0x22, 0xd4, 0x2b, 0x65, 0x7f, 0x82, 0x5f, 0x0d, 0x97, 0x4a, 0x18, 0xb3, 0x77, 0x83, 0xfd,
    0x48, 0xb9, 0x51, 0xdb, 0xa2, 0xa5, 0xbd, 0xed, 0x1c, 0x96, 0xcd, 0x34, 0x78, 0x7c, 0x9a, 0x60,
    0xc9, 0x03, 0xda, 0xb1, 0x4b, 0xa4, 0x1c, 0x37, 0x18, 0xfd, 0x99, 0x64, 0x26, 0xe6, 0x8d, 0xd0,
    0x14, 0x9b, 0x89, 0xee, 0xe6, 0x72, 0xde, 0xb2, 0xb6, 0x7e, 0x1d, 0x0e, 0xbf, 0xf3, 0x51, 0xd1,
    0xb3, 0x77, 0x83, 0x8c, 0xa5, 0x14, 0x46, 0x39, 0x5d, 0xe9, 0xfa, 0x2f, 0xf6, 0xb1, 0x63, 0x94,
    0x4e, 0x46, 0x92, 0x1c, 0x19, 0xc9, 0x69, 0xf8, 0x4b, 0xa4, 0x1c, 0x37, 0x48, 0x92, 0x10, 0xd8,
    0x70, 0x80, 0x15, 0x2b, 0xd3, 0x28, 0x6d, 0x66, 0x91, 0x76, 0xba, 0xbb, 0x07, 0x7e, 0xb8, 0xbc,
    0x71, 0x50, 0x59, 0x8a, 0xa3, 0x40, 0x02, 0xb2, 0x02, 0x70, 0x3a, 0xc7, 0x92, 0x07, 0x53, 0x9a,
    0xc9, 0x19, 0x1e, 0x86, 0x24, 0x10, 0x8a, 0xd8, 0x69, 0x8e, 0xf9, 0x3e, 0x4b, 0xa4, 0x1c, 0x37,
    0x3b, 0xd2, 0x4f, 0x63, 0x43, 0xaf, 0x9a, 0x37, 0x41, 0x20, 0x8d, 0x3d, 0x91, 0xc6, 0xc4, 0x42,
    0x58, 0x7d, 0x53, 0x6b, 0x23, 0x7d, 0x78, 0x49, 0xa3, 0x40, 0x02, 0x41, 0x5f, 0xcb, 0x2e, 0x25,
    0x4d, 0x4b, 0x90, 0x49, 0xb5, 0x5e, 0xaf, 0xd9, 0x68, 0xd1, 0xa1, 0x6b, 0x09, 0x6e, 0x15, 0x35,
    0x4b, 0xa4, 0x1c, 0x37, 0x21, 0x50, 0xc6, 0x62, 0xd3, 0x17, 0x26, 0x9f, 0x4d, 0x7b, 0x22, 0xae,
    0x91, 0x66, 0xf9, 0xaf, 0x06, 0x7c, 0xe9, 0xc8, 0x7e, 0x43, 0xa4, 0x5c, 0xa3, 0x40, 0x02, 0x5f,
    0x39, 0x90, 0xa3, 0xf3, 0xf6, 0x79, 0xfd, 0x03, 0x53, 0x41, 0x04, 0xc5, 0x7c, 0x7d, 0x16, 0x0a,
    0x4b, 0x44, 0xe2, 0x4b, 0x4b, 0xa4, 0x1c, 0x37, 0xf0, 0xfe, 0x5b, 0x04, 0x1d, 0xb2, 0xad, 0xf9,
    0x0c, 0x09, 0x26, 0x4e, 0xe6, 0xf2, 0x2c, 0x68, 0x57, 0x7b, 0x84, 0xc7, 0x83, 0xa9, 0xfa, 0x43,
    0xb3, 0x77, 0x83, 0x04, 0xa9, 0x6f, 0xb4, 0xc4, 0x8d, 0x2c, 0x91, 0xbc, 0xf6, 0x8a, 0x68, 0x58,
    0x52, 0x47, 0x0e, 0xc6, 0x9b, 0x09, 0x72, 0x92, 0x4b, 0xa4, 0x1c, 0x37, 0x20, 0x94, 0xd2, 0xa7,
    0xf0, 0xe0, 0x32, 0x06, 0xcb, 0x96, 0x09, 0xc6, 0x91, 0xf6, 0x08, 0x71, 0xa8, 0x7a, 0x1f, 0x76,
    0x35, 0x06, 0x02, 0xfd, 0xa3, 0x40, 0x02, 0x2a, 0x06, 0xcb, 0xa8, 0x52, 0xc2, 0x4a, 0xe9, 0x26,
    0xc9, 0xf2, 0x22, 0x4a, 0x28, 0x11, 0x06, 0x92, 0x96, 0xd2, 0x98, 0x94, 0x4b, 0xa4, 0x1c, 0x37,
    0x13, 0xd4, 0x11, 0x03, 0x3a, 0x7b, 0xba, 0x60, 0x8a, 0x24, 0xfd, 0x51, 0x91, 0x46, 0x13, 0xf8,
    0xf9, 0x79, 0xba, 0x24, 0xe7, 0x62, 0x09, 0xb6, 0xa3, 0x40, 0x02, 0xb9, 0x63, 0x26, 0x9d, 0xb0,
    0x7d, 0x8e, 0x26, 0x69, 0xa3, 0x0e, 0xb9, 0x39, 0xbd, 0x68, 0xf1, 0xd9, 0xe6, 0x97, 0x28, 0xdb,
    0x4b, 0xa4, 0x1c, 0x37, 0xc9, 0xbe, 0x19, 0x76, 0x0d, 0xaa, 0x3f, 0x6d, 0xf8, 0x1b, 0x2d, 0x3d,
    0xe6, 0xe2, 0x4b, 0xfd, 0x4a, 0x79, 0x55, 0xd3, 0x99, 0x8f, 0x28, 0x75, 0xb3, 0x77, 0x83, 0xc1,
    0xad, 0xfd, 0x74, 0x9b, 0xfb, 0x7c, 0x2c, 0x00, 0x1f, 0x9c, 0x23, 0x1d, 0x42, 0x9c, 0x15, 0xe1,
    0x86, 0x77, 0x44, 0xd1, 0x4b, 0xa4, 0x1c, 0x37, 0xaf, 0x3c, 0x90, 0x45, 0x14, 0x7e, 0xcd, 0x92,
    0x45, 0xe9, 0xce, 0x21, 0xe6, 0x82, 0x80, 0x6a, 0xf8, 0x77, 0xeb, 0x30, 0xf4, 0x55, 0x54, 0x88,
    0xb3, 0x77, 0x83, 0xdf, 0x87, 0xc2, 0xe9, 0x69, 0xa4, 0xab, 0x99, 0xea, 0x46, 0x13, 0x76, 0xba,
    0x56, 0x48, 0x8a, 0x7f, 0xc8, 0x4d, 0x11, 0xe8, 0x4b, 0xa4, 0x1c, 0x37, 0xbb, 0x40, 0x5d, 0x2f,
    0xe7, 0xac, 0x52, 0x9f, 0x04, 0x77, 0xc2, 0xad, 0xe6, 0xc2, 0x85, 0xa4, 0x49, 0x77, 0x86, 0xdf,
    0xa6, 0xb2, 0x5b, 0x41, 0xb3, 0x77, 0x83, 0x1b, 0xf7, 0xa1, 0xfa, 0x6a, 0xb5, 0x38, 0x48, 0x6b,
    0xd0, 0x7f, 0x03, 0x7c, 0x2c, 0x12, 0x82, 0x3b, 0x18, 0x13, 0xa1, 0x2e, 0x4b, 0xa4, 0x1c, 0x37,
    0xeb, 0xd5, 0xd3, 0xd2, 0xba, 0xdb, 0xd7, 0xab, 0xc3, 0x04, 0xa6, 0x25, 0x91, 0xc6, 0x61, 0xfd,
    0x55, 0x63, 0x3b, 0xa5, 0x58, 0x0f, 0x63, 0xfa, 0xa3, 0x40, 0x02, 0x41, 0x54, 0xfd, 0xee, 0xc8,
    0xad, 0xd1, 0xbc, 0xf5, 0xa3, 0xe7, 0xbd, 0xfd, 0xc1, 0x69, 0x6d, 0x93, 0x13, 0xdc, 0xc7, 0x30,
    0x4b, 0xa4, 0x1c, 0x37, 0xde, 0x15, 0x13, 0x2e, 0x04, 0x76, 0x5f, 0x06, 0x82, 0x92, 0x99, 0xb1,
    0x91, 0x16, 0x6c, 0x84, 0xa6, 0x62, 0xd6, 0x53, 0x0a, 0x6c, 0x6a, 0xb3, 0xa3, 0x40, 0x02, 0xd0,
    0xb1, 0x58, 0xe3, 0x26, 0x68, 0x15, 0xfa, 0x67, 0x06, 0x98, 0x51, 0x0f, 0x97, 0x33, 0x65, 0x4f,
    0x63, 0xa1, 0x57, 0x77, 0x4b, 0xa4, 0x1c, 0x37, 0x94, 0x00, 0x1b, 0xa1, 0xd7, 0xa4, 0xe4, 0x12,
    0xf0, 0x89, 0xc9, 0x9c, 0xe6, 0xb2, 0xa4, 0x39, 0x3c, 0x75, 0x57, 0xeb, 0xbc, 0x98, 0x89, 0x72,
    0xb3, 0x77, 0x83, 0xc8, 0x0e, 0xb4, 0xd7, 0xb4, 0x23, 0x89, 0xe3, 0xae, 0xf9, 0x90, 0xbe, 0x40,
    0x1c, 0x67, 0x89, 0x56, 0x03, 0x81, 0x73, 0x6d, 0x4b, 0xa4, 0x1c, 0x37, 0xb7, 0xd3, 0xc8, 0x88,
    0xde, 0x78, 0x72, 0xc8, 0xfc, 0xe4, 0x4e, 0xf9, 0x91, 0x06, 0xab, 0x78, 0xa5, 0x60, 0x07, 0x60,
    0x17, 0x5f, 0xb5, 0x85, 0xa3, 0x40, 0x02, 0x7d, 0xe8, 0x78, 0x4c, 0x83, 0x09, 0x0d, 0x88, 0xb1,
    0x90, 0xbf, 0x37, 0xbe, 0x30, 0x13, 0xfe, 0xf4, 0x45, 0x57, 0x40, 0x84, 0x4b, 0xa4, 0x1c, 0x37,
    0xc3, 0xd7, 0x95, 0x72, 0xb1, 0xa7, 0xf7, 0xd4, 0xbb, 0x72, 0x42, 0x85, 0x91, 0x46, 0xb0, 0xb2,
    0xf6, 0x5f, 0xa2, 0x0e, 0xc9, 0xbb, 0xbc, 0x3e, 0xa3, 0x40, 0x02, 0xb9, 0x58, 0x58, 0x5d, 0x54,
    0xdd, 0x14, 0x53, 0x82, 0xa3, 0xc0, 0xc2, 0xc1, 0xc5, 0x6a, 0xe9, 0x3c, 0x95, 0x1c, 0xd0, 0xca,
    0x4b, 0xa4, 0x1c, 0x37, 0xb6, 0x17, 0xd5, 0xcd, 0xfb, 0x41, 0x7f, 0x2f, 0x7a, 0x00, 0x36, 0x11,
    0x91, 0x96, 0xba, 0x39, 0x47, 0x5f, 0x3d, 0xbd, 0x7b, 0x18, 0xc4, 0xf7, 0xa3, 0x40, 0x02, 0x58,
    0xa2, 0x2f, 0x35, 0x3f, 0x98, 0x58, 0x90, 0xc4, 0x7d, 0xdc, 0x58, 0x21, 0x9b, 0x34, 0xe1, 0x08,
    0x90, 0xe5, 0xf6, 0xcc, 0x4b, 0xa4, 0x1c, 0x37, 0x6c, 0x02, 0xdd, 0x40, 0xce, 0x70, 0x04, 0x3c,
    0x39, 0x8e, 0x39, 0xb1, 0xe6, 0x32, 0xf3, 0x3e, 0x98, 0x5e, 0xd8, 0x6b, 0x2d, 0x75, 0xcb, 0xb0,
    0xb3, 0x77, 0x83, 0x50, 0xff, 0x8a, 0x29, 0xcd, 0x53, 0xcc, 0x79, 0xfe, 0x70, 0xd5, 0xc5, 0x52,
    0x71, 0xfe, 0xd8, 0xc4, 0xe0, 0xaa, 0x86, 0x13, 0x4b, 0xa4, 0x1c, 0x37, 0x5f, 0x42, 0x1c, 0xcc,
    0xa1, 0x9f, 0x89, 0x48, 0xa7, 0x85, 0x59, 0x88, 0xe6, 0x82, 0xfd, 0xc5, 0xe9, 0x5d, 0x73, 0x1a,
    0xdf, 0xa1, 0xea, 0x6f, 0xb3, 0x77, 0x83, 0xdf, 0x5c, 0xe6, 0x1d, 0x2b, 0x0e, 0x10, 0xb7, 0xad,
    0x5c, 0x1a, 0x57, 0xa6, 0xb5, 0xbf, 0xf0, 0x57, 0x80, 0x8a, 0xa2, 0x09, 0x4b, 0xa4, 0x1c, 0x37,
    0x82, 0x15, 0xca, 0xb3, 0xa8, 0x73, 0x17, 0x6e, 0xf4, 0x52, 0xeb, 0x58, 0x91, 0xd6, 0x03, 0xb5,
    0x97, 0x5c, 0x09, 0x78, 0x3a, 0x68, 0x16, 0x83, 0xa3, 0x40, 0x02, 0x94, 0x36, 0xab, 0x92, 0xf9,
    0xf4, 0x93, 0x5b, 0xb0, 0xf3, 0x48, 0xd0, 0x93, 0x0a, 0xde, 0x71, 0x6a, 0xc2, 0x60, 0x6f, 0x20,
    0x4b, 0xa4, 0x1c, 0x37, 0x51, 0xc4, 0x5f, 0x85, 0x7b, 0xa2, 0x9c, 0x7a, 0xb3, 0xe0, 0xee, 0xf8,
    0xe6, 0x62, 0x37, 0x6d, 0xe8, 0x5b, 0xa4, 0x26, 0xec, 0xc4, 0x1d, 0x3c, 0xb3, 0x77, 0x83, 0x39,
    0xa6, 0x8a, 0xa3, 0xca, 0x8b, 0x46, 0xef, 0x38, 0x0d, 0xfe, 0x36, 0x05, 0x9f, 0x35, 0x5d, 0xb2,
    0x12, 0x26, 0xff, 0x66, 0x4b, 0xa4, 0x1c, 0x37, 0x81, 0x59, 0xd6, 0xf8, 0xc5, 0x3c, 0x24, 0xd5,
    0x72, 0x6e, 0xd2, 0x70, 0x91, 0x66, 0x13, 0x76, 0x39, 0x5b, 0x3f, 0xd5, 0x9e, 0x21, 0x25, 0xf5,
    0xa3, 0x40, 0x02, 0x5f, 0x03, 0xe6, 0x97, 0x58, 0xc0, 0x64, 0x47, 0xa3, 0xe0, 0x65, 0xf1, 0xf6,
    0x75, 0xff, 0x54, 0x7e, 0x0d, 0xef, 0x25, 0x69, 0x4b, 0xa4, 0x1c, 0x37, 0x37, 0x44, 0xde, 0x6b,
    0x98, 0x6b, 0xa9, 0xe1, 0x31, 0xfc, 0xd5, 0x10, 0xe6, 0x02, 0x4c, 0x7b, 0x8a, 0x5a, 0xda, 0x83,
    0x50, 0x7e, 0x2c, 0xae, 0xb3, 0x77, 0x83, 0x57, 0x60, 0x41, 0x8c, 0xb6, 0x3e, 0x53, 0x4d, 0xfd,
    0xd3, 0x5e, 0x5e, 0xb8, 0x0a, 0x57, 0x40, 0xc6, 0x5d, 0xb4, 0xb5, 0xaf, 0x4b, 0xa4, 0x1c, 0x37,
    0x2a, 0x84, 0x1d, 0xc7, 0xe2, 0x05, 0x31, 0x3c, 0x9f, 0xf3, 0xf5, 0xe7, 0xe6, 0x52, 0x56, 0x02,
    0xdb, 0x59, 0x75, 0x32, 0x02, 0xab, 0x4b, 0x6d, 0xb3, 0x77, 0x83, 0xe6, 0xbd, 0x9c, 0x80, 0x14,
    0xf9, 0x96, 0x8a, 0x7c, 0x36, 0x0f, 0xf2, 0xc9, 0x8f, 0x8a, 0x64, 0xcd, 0xfd, 0x93, 0xd1, 0xa5,
    0x4b, 0xa4, 0x1c, 0x37, 0x4d, 0x57, 0xcb, 0xde, 0x72, 0x6e, 0xbc, 0xa3, 0xab, 0x4e, 0x7b, 0x44,
    0x91, 0xa6, 0x5c, 0xf1, 0x89, 0x58, 0x0b, 0xe0, 0xb0, 0x7a, 0xc6, 0xae, 0xa3, 0x40, 0x02, 0x9b,
    0x97, 0x61, 0xf5, 0xe2, 0xdf, 0x1a, 0x2f, 0x7f, 0xcd, 0x3d, 0x6b, 0x47, 0xa3, 0x36, 0xd9, 0x6b,
    0x3f, 0x6a, 0x9e, 0xbc, 0x4b, 0xa4, 0x1c, 0x37, 0x1c, 0x06, 0x61, 0xb0, 0x45, 0x9d, 0x41, 0xb0,
    0x6a, 0xdc, 0x7e, 0xe4, 0xe6, 0x32, 0x90, 0xa9, 0xda, 0x57, 0xa6, 0x8e, 0x62, 0xd7, 0xcd, 0x67,
    0xb3, 0x77, 0x83, 0x50, 0xf4, 0xbc, 0xe9, 0x70, 0xb3, 0x52, 0xa6, 0x17, 0x70, 0x87, 0xcf, 0xda,
    0x79, 0x00, 0xd1, 0x27, 0x8f, 0x2f, 0x2e, 0x03, 0x4b, 0xa4, 0x1c, 0x37, 0x4c, 0x9b, 0xd7, 0x23,
    0x8f, 0x37, 0xc9, 0x0a, 0x29, 0x6a, 0x62, 0x5c, 0x91, 0x36, 0x6c, 0xb2, 0x2b, 0x57, 0x41, 0x3d,
    0x14, 0x34, 0xd5, 0x20, 0xa3, 0x40, 0x02, 0x76, 0x51, 0x18, 0xde, 0xce, 0xab, 0xeb, 0x1a, 0x72,
    0xba, 0x5a, 0x8c, 0x1a, 0x4f, 0xca, 0xc8, 0xf3, 0x8a, 0xf8, 0x54, 0x05, 0x4b, 0xa4, 0x1c, 0x37,
    0x3f, 0xdb, 0x16, 0xaf, 0x62, 0x66, 0x4e, 0x17, 0xe8, 0xf7, 0x55, 0xe8, 0x91, 0x86, 0x76, 0x39,
    0x7c, 0x56, 0xdc, 0xeb, 0xc6, 0x90, 0xdc, 0xd9, 0xa3, 0x40, 0x02, 0x05, 0xae, 0x73, 0xd2, 0x2c,
    0x66, 0x2f, 0x58, 0xe4, 0x1d, 0x0b, 0x20, 0xbc, 0xe4, 0x21, 0xb4, 0x3b, 0xda, 0xbd, 0xe4, 0x4b,
    0x4b, 0xa4, 0x1c, 0x37, 0xf5, 0xc5, 0x1e, 0xf2, 0xac, 0x00, 0xd6, 0x71, 0x56, 0xef, 0x85, 0xd3,
    0xe6, 0x22, 0xaf, 0x3e, 0xcd, 0x55, 0x77, 0x9a, 0x78, 0xbd, 0xfb, 0x98, 0xb3, 0x77, 0x83, 0xfd,
    0x0b, 0xcf, 0xc6, 0xba, 0x21, 0xa3, 0x41, 0x5b, 0x99, 0x98, 0x8a, 0x9f, 0x69, 0x55, 0xd8, 0x42,
    0x7a, 0x9d, 0x00, 0x42, 0x4b, 0xa4, 0x1c, 0x37, 0x18, 0x99, 0xcc, 0x09, 0x3c, 0x69, 0x61, 0x49,
    0xa3, 0xbc, 0x17, 0xa4, 0x91, 0x76, 0xb5, 0x2d, 0x7b, 0x54, 0x0d, 0xf8, 0xd3, 0x83, 0x27, 0xac,
    0xa3, 0x40, 0x02, 0xb2, 0xe5, 0x93, 0x3b, 0x89, 0x07, 0x27, 0xe6, 0x2d, 0xa7, 0x32, 0x06, 0x6b,
    0x7d, 0x01, 0x4d, 0xe1, 0xbc, 0x73, 0xcd, 0x58, 0x4b, 0xa4, 0x1c, 0x37, 0xe7, 0x47, 0x62, 0xab,
    0x86, 0x03, 0xe9, 0xa3, 0x62, 0x4a, 0x1b, 0x44, 0xe6, 0x02, 0xe9, 0xe5, 0xcc, 0x53, 0xa8, 0xa6,
    0x85, 0xe0, 0x2e, 0x65, 0xb3, 0x77, 0x83, 0x57, 0x55, 0x73, 0x4c, 0x5a, 0x9e, 0xd9, 0x79, 0xe6,
    0x4a, 0x7c, 0x6a, 0xfe, 0x53, 0xcb, 0x44, 0x9d, 0x0c, 0x39, 0x5d, 0x9f, 0x4b, 0xa4, 0x1c, 0x37,
    0xda, 0x87, 0xa1, 0x36, 0x59, 0x32, 0x6e, 0xb0, 0x21, 0xd8, 0x0e, 0xd0, 0xe6, 0x52, 0xf3, 0x6c,
    0x1d, 0x53, 0x43, 0x55, 0x37, 0x3d, 0x36, 0x1e, 0xb3, 0x77, 0x83, 0xe6, 0xb2, 0xce, 0x40, 0xe8,
    0x96, 0xa2, 0x9a, 0x38, 0xad, 0x2c, 0xfe, 0x9f, 0xe8, 0x22, 0x30, 0xe5, 0x5c, 0xfe, 0xec, 0xe5,
    0x4b, 0xa4, 0x1c, 0x37, 0xcd, 0xc7, 0xe0, 0xc1, 0x2c, 0x61, 0xf3, 0xbc, 0xe0, 0x65, 0x02, 0x5c,
    0xe6, 0xa2, 0xfd, 0xf3, 0x6e, 0x52, 0xde, 0x03, 0xe9, 0x99, 0x3d, 0xd7, 0xb3, 0x77, 0x83, 0x75,
    0x0f, 0x2a, 0x35, 0x46, 0x51, 0xe6, 0xd7, 0x7a, 0x87, 0x48, 0x94, 0xff, 0xbe, 0xec, 0x27, 0xb1,
    0x57, 0xc7, 0x13, 0xe8, 0x4b, 0xa4, 0x1c, 0x37, 0xfd, 0x5c, 0x57, 0x35, 0x76, 0xfb, 0x7a, 0x17,
    0x4e, 0x5d, 0x12, 0x1f, 0x91, 0xa6, 0xd9, 0xfc, 0xbf, 0x51, 0x79, 0xb2, 0x9b, 0xc6, 0x5c, 0x96,
    0xa3, 0x40, 0x02, 0x9b, 0x6c, 0x85, 0x29, 0xa4, 0x49, 0x7f, 0x4c, 0x42, 0xe3, 0x44, 0x4c, 0xa3,
    0x43, 0x20, 0x4c, 0xb8, 0xf7, 0xa6, 0x2f, 0xde, 0x4b, 0xa4, 0x1c, 0x37, 0xe3, 0xda, 0xcd, 0x34,
    0x06, 0x64, 0x06, 0x7f, 0x5a, 0xb8, 0xa7, 0x8f, 0x91, 0x46, 0x0e, 0x6a, 0x6d, 0x50, 0x0f, 0x10,
    0xf6, 0x8c, 0x88, 0xa9, 0xa3, 0x40, 0x02, 0xb9, 0x46, 0x4a, 0x9e, 0x72, 0xf2, 0xad, 0xb9, 0x2c,
    0x0a, 0xbc, 0x9e, 0x40, 0x57, 0xcc, 0xc0, 0x56, 0x39, 0x7d, 0xfc, 0xf4, 0x4b, 0xa4, 0x1c, 0x37,
    0xb2, 0x89, 0x63, 0xd6, 0x50, 0xfe, 0x8d, 0xd9, 0x19, 0x46, 0xab, 0x2f, 0xe6, 0xd2, 0x41, 0x22,
    0xbe, 0x4f, 0xaa, 0xbe, 0xa8, 0xe9, 0x8f, 0x62, 0xb3, 0x77, 0x83, 0x6e, 0xa3, 0xa5, 0x92, 0x00,
    0xc6, 0xe5, 0x30, 0x95, 0x24, 0x71, 0x05, 0xb2, 0xec, 0x23, 0xac, 0x9e, 0x89, 0x42, 0x8c, 0x3b,
    0x4b, 0xa4, 0x1c, 0x37, 0xa5, 0xc9, 0xa2, 0x61, 0x23, 0x2d, 0x13, 0xe6, 0xd8, 0xd3, 0x9e, 0xbb,
    0xe6, 0x22, 0x4c, 0xa9, 0x0f, 0x4f, 0x45, 0x6d, 0x5a, 0x46, 0x97, 0x1b, 0xb3, 0x77, 0x83, 0xfd,
    0x00, 0x01, 0x87, 0x5e, 0x81, 0x29, 0x6e, 0x07, 0x87, 0x21, 0x99, 0xc3, 0xc2, 0xed, 0xa3, 0x5a,
    0xd9, 0x07, 0x1c, 0x82, 0x4b, 0xa4, 0x1c, 0x37, 0xd5, 0x5e, 0x19, 0xd5, 0x6d, 0xc7, 0x9a, 0x40,
    0x97, 0x61, 0x82, 0x33, 0x91, 0x26, 0x28, 0xb2, 0x60, 0x4e, 0xe0, 0x1b, 0x0c, 0xa3, 0x9e, 0xd4,
    0xa3, 0x40, 0x02, 0x23, 0x5d, 0x5c, 0x7b, 0xbc, 0x79, 0xc2, 0xe2, 0x91, 0x5a, 0x89, 0x53, 0xb5,
    0x98, 0xb7, 0x9b, 0x26, 0xd4, 0xd0, 0x42, 0x84, 0x4b, 0xa4, 0x1c, 0x37, 0x8b, 0x49, 0x21, 0x48,
    0x40, 0xf6, 0x1f, 0x4d, 0x05, 0x59, 0xb2, 0x1e, 0xe6, 0xc2, 0x60, 0xb7, 0xb1, 0x4d, 0x7b, 0xca,
    0xbe, 0xcf, 0xbd, 0x93, 0xb3, 0x77, 0x83, 0x1b, 0xba, 0xb7, 0x6f, 0x4a, 0x34, 0x36, 0xcc, 0xd8,
    0x4d, 0x82, 0xc0, 0x76, 0xdc, 0x78, 0xb3, 0xb9, 0x74, 0xb0, 0x5e, 0x7a, 0x4b, 0xa4, 0x1c, 0x37,
    0x71, 0xc7, 0x97, 0x47, 0xd0, 0x5e, 0xab, 0xb4, 0x11, 0xb4, 0x47, 0x8f, 0xe6, 0x62, 0x95, 0x24,
    0x5f, 0x4c, 0x11, 0x28, 0x19, 0x96, 0xe9, 0xa6, 0xb3, 0x77, 0x83, 0x39, 0x94, 0x7c, 0xe4, 0x18,
    0xdd, 0x64, 0x39, 0xc3, 0x74, 0xf9, 0x12, 0x14, 0xf0, 0x24, 0x28, 0x58, 0xb6, 0x86, 0x2b, 0x91,
    0x4b, 0xa4, 0x1c, 0x37, 0xba, 0x20, 0x9c, 0x19, 0x1a, 0xf9, 0x32, 0x0f, 0xd0, 0x41, 0x2b, 0x07,
    0x91, 0x56, 0x6c, 0xe0, 0xb0, 0x4b, 0xac, 0xd6, 0xcb, 0xf2, 0xf0, 0x5f, 0xa3, 0x40, 0x02, 0x0c,
    0x04, 0x5c, 0xf5, 0xe9, 0xee, 0xc1, 0x3b, 0xac, 0xf7, 0xb1, 0xc4, 0x67, 0xc6, 0xee, 0x1f, 0x14,
    0x06, 0x4c, 0xbb, 0xd7, 0x4b, 0xa4, 0x1c, 0x37, 0xad, 0x60, 0xdb, 0xa4, 0xed, 0x27, 0xb8, 0x1b,
    0x8f, 0xcf, 0x1e, 0x93, 0x91, 0xa6, 0x76, 0x67, 0x01, 0x4b, 0x47, 0x85, 0x7d, 0x4f, 0xf8, 0x18,
    0xa3, 0x40, 0x02, 0x9b, 0x61, 0xb7, 0xe9, 0x47, 0xa9, 0x05, 0x79, 0xee, 0xd1, 0xcd, 0x5a, 0xc7,
    0x9c, 0xb8, 0x17, 0xd0, 0x56, 0x11, 0x4b, 0x1e, 0x4b, 0xa4, 0x1c, 0x37, 0x63, 0x4b, 0xe3, 0xe7,
    0x37, 0xc2, 0x3f, 0xe6, 0x8f, 0xcf, 0x2e, 0xa7, 0xe6, 0x42, 0xaf, 0x6c, 0x52, 0x4a, 0xe2, 0x33,
    0x2f, 0xac, 0xff, 0xd1, 0xb3, 0x77, 0x83, 0x93, 0xbe, 0x12, 0xde, 0xd5, 0x64, 0x79, 0x62, 0x28,
    0xc4, 0xc6, 0xc7, 0x88, 0x31, 0x10, 0x03, 0x28, 0x51, 0xda, 0x71, 0x20, 0x4b, 0xa4, 0x1c, 0x37,
    0x93, 0xe0, 0x59, 0x8b, 0x0a, 0xf1, 0xc4, 0xf2, 0xfd, 0xc6, 0x3e, 0x6a, 0x91, 0x46, 0x8b, 0x75,
    0xa3, 0x49, 0x7d, 0x32, 0x34, 0xe2, 0x6d, 0xbf, 0xa3, 0x40, 0x02, 0xb9, 0x1b, 0x6e, 0xd2, 0x33,
    0x5c, 0x12, 0xd7, 0xef, 0x20, 0xc3, 0x7f, 0x2c, 0xb6, 0x43, 0x27, 0x2f, 0xf1, 0xb9, 0x8d, 0x16,
    0x4b, 0xa4, 0x1c, 0x37, 0x3c, 0x09, 0x99, 0x42, 0x11, 0xc5, 0x52, 0xa8, 0x09, 0x22, 0xe4, 0xee,
    0xe6, 0x32, 0xee, 0x60, 0x51, 0x48, 0x13, 0x90, 0x8f, 0xa8, 0x99, 0xd2, 0xb3, 0x77, 0x83, 0x50,
    0xe2, 0xae, 0x2a, 0x8f, 0xc8, 0xeb, 0x0c, 0xc2, 0xd7, 0x82, 0xab, 0xe9, 0xca, 0xef, 0x9b, 0xcd,
    0x33, 0x90, 0x5a, 0x2d, 0x4b, 0xa4, 0x1c, 0x37, 0x85, 0x62, 0x9d, 0x44, 0xe4, 0xf3, 0xd7, 0xb4,
    0xc8, 0xaf, 0xc7, 0x66, 0x91, 0x26, 0xc5, 0x1c, 0xa2, 0x47, 0xae, 0x3e, 0x41, 0x05, 0xa1, 0x8b,
    0xa3, 0x40, 0x02, 0x23, 0x52, 0x8e, 0x3b, 0x60, 0xd9, 0x48, 0x0f, 0x7b, 0xd1, 0xa6, 0x5f, 0x8b,
    0xa0, 0xb9, 0x93, 0x89, 0x83, 0x55, 0xea, 0x73, 0x4b, 0xa4, 0x1c, 0x37, 0x3b, 0x4d, 0xa5, 0xb7,
    0xb7, 0x22, 0x5d, 0xc1, 0x87, 0x3d, 0xcb, 0x06, 0xe6, 0xc2, 0xfd, 0x21, 0xf3, 0x46, 0x49, 0xed,
    0xf3, 0x61, 0xa8, 0x44, 0xb3, 0x77, 0x83, 0x1b, 0xaf, 0xe9, 0x2f, 0xee, 0x94, 0xbc, 0xf8, 0xb4,
    0xc4, 0x9f, 0xcc, 0x4c, 0x35, 0x11, 0x7f, 0xd1, 0xd3, 0x1a, 0x7a, 0xba, 0x4b, 0xa4, 0x1c, 0x37,
    0x6b, 0xe2, 0x1b, 0x2b, 0x01, 0xbd, 0xe4, 0x1b, 0x46, 0xcb, 0xae, 0x7e, 0x91, 0xc6, 0xd9, 0x7a,
    0xff, 0x32, 0xfe, 0xb2, 0xa5, 0xbe, 0xaf, 0xfd, 0xa3, 0x40, 0x02, 0x41, 0x0c, 0x45, 0x24, 0x4c,
    0x8c, 0x55, 0x6d, 0x0f, 0x0e, 0x73, 0x89, 0x8c, 0x0b, 0xdb, 0x76, 0x9d, 0xce, 0xe3, 0xa0, 0xbc,
    0x4b, 0xa4, 0x1c, 0x37, 0x00, 0x01, 0x00, 0x00, 0x95, 0x75, 0xc8, 0x33, 0xd9, 0x88, 0x54, 0xe3,
    0xbd, 0xa2, 0xf7, 0x30, 0x31, 0x05, 0xec, 0xcc, 0x0f, 0xf9, 0x57, 0x3d, 0xc0, 0xf7, 0x06, 0x7e,
    0x3d, 0xcd, 0x8f, 0xb0, 0xda, 0xb5, 0x26, 0x89, 0x87, 0xc2, 0x44, 0x68, 0x79, 0xcf, 0x43, 0xce,
    0x02, 0x04, 0x02, 0x02, 0x04, 0x04, 0x04, 0x04, 0x02, 0x04, 0x04, 0x04, 0x02, 0x04, 0x02, 0x02,
    0x02, 0x02, 0x02, 0x04, 0x04, 0x04, 0x04, 0x02, 0x02, 0x02, 0x04, 0x02, 0x02, 0x04, 0x02, 0x02,
    0x04, 0x02, 0x02, 0x02, 0x04, 0x04, 0x02, 0x04, 0x02, 0x02, 0x04, 0x04, 0x04, 0x02, 0x02, 0x04,
    0x04, 0x04, 0x04, 0x04, 0x04, 0x02, 0x04, 0x02, 0x02, 0x04, 0x04, 0x04, 0x04, 0x02, 0x04, 0x02,
    0x04, 0x02, 0x04, 0x04, 0x02, 0x04, 0x04, 0x02, 0x02, 0x02, 0x02, 0x02, 0x04, 0x04, 0x02, 0x02,
    0x02, 0x02, 0x02, 0x02, 0x04, 0x04, 0x04, 0x02, 0x02, 0x04, 0x04, 0x02, 0x02, 0x02, 0x02, 0x02,
    0x02, 0x02, 0x02, 0x02, 0x04, 0x02, 0x04, 0x04, 0x04, 0x02, 0x02, 0x04, 0x02, 0x04, 0x02, 0x04,
    0x04, 0x02, 0x04, 0x02, 0x02, 0x04, 0x02, 0x02, 0x02, 0x02, 0x02, 0x02, 0x04, 0x02, 0x04, 0x04,
    0x04, 0x02, 0x03, 0x04, 0x04, 0x04, 0x03, 0x04, 0x04, 0x03, 0x04, 0x03, 0x03, 0x04, 0x00, 0x00,
    0x61, 0x7e, 0x25, 0xbd, 0x5a, 0xe5, 0xf3, 0xf5, 0xb8, 0x24, 0x6d, 0x83, 0x9d, 0xa7, 0x64, 0x4e,
    0xa9, 0x43, 0x76, 0x48, 0x28, 0x77, 0x12, 0x3a, 0xef, 0x00, 0x46, 0xd9, 0x4a, 0x16, 0xf1, 0x34,
    0xb0, 0x61, 0xa5, 0x81, 0x0f, 0xb8, 0x08, 0xca, 0xa1, 0x9b, 0x16, 0x15, 0x62, 0xc0, 0xea, 0x72,
    0xfd, 0xfc, 0xed, 0x72, 0x4e, 0x3e, 0xb2, 0x31, 0xa3, 0x35, 0x3b, 0x21, 0xb8, 0xa2, 0xa4, 0xe7,
    0xb1, 0xd3, 0xec, 0x79, 0x7e, 0x26, 0xf2, 0x59, 0x1d, 0x3d, 0x5e, 0x36, 0x82, 0x05, 0x83, 0x73,
    0xb1, 0xcc, 0x18, 0xde, 0x35, 0xa1, 0x50, 0x6e, 0x64, 0xaa, 0x2c, 0xb2, 0x38, 0x81, 0xc5, 0x4f,
    0x0d, 0x4d, 0xcf, 0xfc, 0x80, 0xe8, 0xdf, 0x32, 0x4a, 0xae, 0x0d, 0xf8, 0xdc, 0x4a, 0x8c, 0xc1,
    0x30, 0x13, 0x25, 0xd7, 0x8a, 0x8f, 0x57, 0xc3, 0x14, 0x1b, 0xa2, 0x94, 0x5e, 0xab, 0x21, 0xc5,
    0xfd, 0x67, 0x5c, 0x24, 0x70, 0x27, 0xb6, 0x9e, 0x22, 0x05, 0xde, 0x99, 0xb4, 0x7f, 0xd4, 0x8e,
    0x19, 0x51, 0x36, 0x99, 0x53, 0x60, 0x14, 0xec, 0x4e, 0x85, 0x23, 0xd0, 0x78, 0xf3, 0x3c, 0x7f,
    0x3d, 0xb7, 0xa4, 0x19, 0xe4, 0x32, 0xe4, 0x65, 0x43, 0x9b, 0x5a, 0x42, 0x04, 0xdc, 0x43, 0x62,
    0x53, 0x0a, 0x38, 0xaf, 0x68, 0x7c, 0xcb, 0x94, 0xde, 0xe5, 0x6b, 0xbf, 0x44, 0x54, 0xbe, 0x28,
    0x43, 0x75, 0xe0, 0x61, 0x48, 0xdb, 0x4e, 0x6f, 0x79, 0x6f, 0xb1, 0xe3, 0x9b, 0xa4, 0x51, 0x43,
    0xc9, 0xfd, 0x44, 0x73, 0x68, 0xec, 0x62, 0x52, 0xd1, 0x4f, 0x11, 0x4e, 0x84, 0x6c, 0x55, 0x47,
    0x4f, 0xaa, 0x06, 0x33, 0x8c, 0x4a, 0x51, 0x51, 0x3e, 0x18, 0x46, 0xb3, 0x00, 0x00, 0x00, 0x00,
    0xec, 0x9e, 0x74, 0x0b, 0xd7, 0x78, 0xf5, 0x71, 0x47, 0x26, 0x44, 0x9e, 0xda, 0xf7, 0x31, 0xee,
    0x3b, 0x3e, 0xc4, 0x73, 0x88, 0x71, 0x76, 0x2b, 0x14, 0x66, 0x53, 0x36, 0x8e, 0xea, 0x6b, 0xc9,
    0xb0, 0xea, 0x7e, 0x6d, 0xd5, 0xde, 0xfa, 0x7b, 0x22, 0x0a, 0xca, 0xd2, 0xd9, 0x54, 0x3b, 0x9b,
    0x10, 0xe4, 0x7b, 0xe1, 0x23, 0x96, 0x50, 0xb4, 0xd2, 0x0f, 0x20, 0xf1, 0x1c, 0x77, 0x2b, 0xbf,
    0xe2, 0xd8, 0x0b, 0xf9, 0x31, 0x92, 0x78, 0xf3, 0xec, 0x9d, 0x92, 0xb5, 0xc8, 0x72, 0x19, 0xcb,
    0x5b, 0xad, 0x05, 0xb6, 0x18, 0x20, 0xb0, 0x1e, 0x8a, 0x72, 0xb3, 0x5f, 0x11, 0x59, 0x72, 0x90,
    0xf8, 0x13, 0xe9, 0x2e, 0xc2, 0xaa, 0x64, 0x09, 0xa1, 0xa4, 0xb5, 0x9a, 0x46, 0x31, 0x9e, 0xf2,
    0x4c, 0xd1, 0xca, 0x1e, 0x55, 0x96, 0x0d, 0xc0, 0x75, 0xc8, 0x35, 0xaa, 0x32, 0xab, 0xf4, 0xc8,
    0x45, 0xc5, 0x68, 0x93, 0x7a, 0x51, 0xc2, 0x2b, 0x4a, 0x0f, 0x3a, 0x1b, 0x95, 0x7f, 0xe6, 0x2a,
    0xbc, 0xa9, 0xcc, 0x4b, 0xc2, 0x54, 0xb2, 0x27, 0x68, 0xb5, 0xf4, 0xdb, 0x94, 0x0a, 0xf7, 0x4d,
    0xca, 0xfa, 0x2b, 0xa0, 0x64, 0xc7, 0xf9, 0x2b, 0x93, 0x67, 0xdd, 0x4a, 0x72, 0x95, 0xf1, 0xea,
    0x7d, 0xc8, 0x7a, 0x05, 0x6b, 0x2c, 0x19, 0x26, 0x1d, 0xd3, 0x76, 0x79, 0xc5, 0x7d, 0x1c, 0xe6,
    0x27, 0xf8, 0xab, 0xcf, 0x74, 0xbd, 0xbd, 0xfe, 0x1d, 0xbc, 0x9e, 0xb1, 0x45, 0x6d, 0xa4, 0x4e,
    0x63, 0xcb, 0xd2, 0x1b, 0x6a, 0xe4, 0x8e, 0x9c, 0xa0, 0x9a, 0x66, 0x75, 0xe9, 0x4e, 0x0c, 0xee,
    0xff, 0xff, 0xff, 0xff, 0xff, 0xff, 0xff, 0xff, 0xff, 0xff, 0xff, 0xff, 0x00, 0x00, 0x00, 0x00,
    0x00, 0x00, 0x00, 0x00, 0x00, 0x00, 0x00, 0x00, 0x01, 0x00, 0x00, 0x00, 0xff, 0xff, 0xff, 0xff,
    0x00, 0x00, 0x00, 0xfc, 0xff, 0xff, 0xff, 0xff, 0xff, 0xff, 0xff, 0xff, 0xff, 0xff, 0xff, 0x00,
    0x00, 0x00, 0x00, 0x00, 0x00, 0x00, 0x00, 0x00, 0x00, 0x00, 0x00, 0x01, 0x00, 0x00, 0x00, 0xff,
    0xff, 0xff, 0xff, 0x00, 0x00, 0x00, 0x01, 0x0d, 0x98, 0x43, 0xe6, 0x39, 0x46, 0x7d, 0x3a, 0x00,
    0xcc, 0x01, 0x82, 0xef, 0x1a, 0x1a, 0x82, 0x7b, 0x39, 0x34, 0x78, 0xf9, 0x2f, 0x6a, 0xf5, 0x5a,
    0x0b, 0xeb, 0xeb, 0xb0, 0x2d, 0x93, 0xa4, 0x00, 0x00, 0x00, 0x04, 0x1b, 0x9d, 0x5f, 0x6f, 0x2f,
    0x83, 0x5c, 0x78, 0xa4, 0x6c, 0xea, 0x84, 0xc8, 0x36, 0x7f, 0x35, 0x7b, 0xdf, 0xf4, 0xe9, 0xbd,
    0x06, 0xb7, 0x9a, 0x01, 0xcb, 0x3e, 0xb7, 0x6d, 0x01, 0xdf, 0x00, 0x00, 0x00, 0x8f, 0x9f, 0x60,
    0x26, 0x1d, 0x45, 0xe8, 0xe0, 0xd2, 0xb9, 0x90, 0x2b, 0x02, 0x11, 0x75, 0x38, 0xb8, 0xec, 0x68,
    0x1c, 0xbf, 0xb9, 0x32, 0x1f, 0x16, 0x50, 0x86, 0xcc, 0x17, 0xf5, 0x51, 0xc7, 0x00, 0x00, 0x00,
    0x88, 0x0a, 0x5b, 0x21, 0xa2, 0x47, 0x3e, 0xf6, 0x90, 0xe2, 0x97, 0x3f, 0x65, 0xc4, 0x67, 0x39,
    0x2c, 0xfd, 0x4d, 0x55, 0x83, 0xf8, 0x0d, 0xfd, 0xe8, 0x8a, 0xf5, 0x22, 0x52, 0xbd, 0x7b, 0x2a,
    0x00, 0x00, 0x00, 0x63, 0xbb, 0xd1, 0xa5, 0x77, 0x19, 0xaa, 0x13, 0x66, 0xda, 0xef, 0x6e, 0x77,
    0x1b, 0xd8, 0x19, 0x8a, 0xbe, 0x8e, 0x0f, 0xba, 0x13, 0xe8, 0x36, 0x4e, 0x0a, 0x92, 0x0a, 0x46,
    0xf6, 0x37, 0x3f, 0x00, 0x00, 0x00, 0x12, 0xd1, 0x86, 0x0c, 0xee, 0x81, 0x79, 0x26, 0x75, 0xd9,
    0x49, 0x2e, 0x7a, 0x4f, 0x28, 0x30, 0x68, 0x0b, 0x36, 0xb3, 0xe9, 0x91, 0x68, 0x3c, 0x20, 0xdc,
    0x4d, 0x20, 0x7d, 0xf4, 0xc1, 0x20, 0x00, 0x00, 0x00, 0x76, 0xd5, 0x90, 0x02, 0x2e, 0x50, 0xbb,
    0x2a, 0x63, 0x4d, 0xe3, 0xaa, 0x50, 0x25, 0x09, 0xef, 0x30, 0xaf, 0xc4, 0x81, 0x19, 0xcb, 0x91,
    0xf6, 0xc0, 0x53, 0xce, 0xef, 0x4b, 0x25, 0x0e, 0x72, 0x00, 0x00, 0x00, 0xcf, 0xa6, 0x13, 0x14,
    0x54, 0x36, 0xcf, 0x30, 0xbb, 0xfa, 0xe9, 0x29, 0x8b, 0x08, 0x4f, 0x64, 0x34, 0x01, 0x02, 0x14,
    0xd1, 0xae, 0x38, 0xa5, 0x43, 0xbf, 0x06, 0xb4, 0xa1, 0xc6, 0x1c, 0x6c, 0x00, 0x00, 0x00, 0x00
};

#endif /* L3_K_P6_PARENT_CONTEXT_INC */
